COUNTY,Year,Housing_Units,Population,Units_Per_Capita,Pop_Growth
Adams,1990,5263,13603,0.3868999485407631,
Adams,1991,5295,13823,0.3830572234681328,1.617290303609498
Adams,1992,5334,14063,0.3792931806869089,1.7362367069377125
Adams,1993,5384,14335,0.37558423439134986,1.9341534523216952
Adams,1994,5460,14679,0.3719599427753934,2.3997209626787583
Adams,1995,5537,15030,0.3683965402528277,2.391171060698958
Adams,1996,5591,15323,0.3648763297004503,1.9494344644045245
Adams,1997,5674,15698,0.36144731812969805,2.4473014422763164
Adams,1998,5685,15879,0.35802002645002834,1.1530131226907885
Adams,1999,5728,16151,0.35465296266485047,1.7129542162604698
Adams,2000,5773,16428,0.3514122230338447,1.7150640827193364
Adams,2001,5849,16699,0.3502604946403976,1.6496225955685415
Adams,2002,5924,16911,0.35030453550943175,1.2695370980298222
Adams,2003,6013,17081,0.3520285697558691,1.0052628466678493
Adams,2004,6157,17489,0.35204985991194465,2.3886189333177215
Adams,2005,6210,17643,0.35198095561979253,0.8805534907656241
Adams,2006,6222,17690,0.35172413793103446,0.26639460409227456
Adams,2007,6296,17959,0.3505763127122891,1.5206331260599208
Adams,2008,6367,18214,0.3495662677061601,1.4199008853499637
Adams,2009,6420,18421,0.34851528147223276,1.136488415504557
Adams,2010,6242,18728,0.33329773601025203,1.666576190217686
Adams,2011,6278,18849,0.3330680672714733,0.6460914139256727
Adams,2012,6327,19013,0.3327723136801136,0.8700726829009497
Adams,2013,6380,19172,0.33277696640934695,0.8362699205806554
Adams,2014,6421,19309,0.33253923041068933,0.7145837679949927
Adams,2015,6484,19451,0.3333504704128322,0.7354083587964162
Adams,2016,6576,19643,0.33477574708547575,0.9870957791373194
Adams,2017,6722,20068,0.3349611321506877,2.163620628213613
Adams,2018,6762,20200,0.33475247524752477,0.6577636037472593
Adams,2019,6805,20335,0.3346447012539956,0.6683168316831684
Adams,2020,6735,20613,0.32673555523213504,1.3671010572903861
Adams,2021,6846,20900,0.3275598086124402,1.3923252316499295
Adams,2022,6921,21100,0.3280094786729858,0.9569377990430622
Adams,2023,6974,21200,0.3289622641509434,0.47393364928909953
Adams,2024,7050,21475,0.32828870779976715,1.2971698113207548
Adams,2025,7109,21550,0.32988399071925756,0.3492433061699651
Asotin,1990,7519,17605,0.42709457540471457,
Asotin,1991,7576,17677,0.42857951009786727,0.40897472309003124
Asotin,1992,7685,17866,0.4301466472629576,1.0691859478418284
Asotin,1993,7825,18124,0.43174795850805564,1.444083734467704
Asotin,1994,8091,18666,0.4334619093539055,2.9905098212315164
Asotin,1995,8239,18937,0.435074193378043,1.451837565627344
Asotin,1996,8572,19622,0.4368565895423504,3.617257221312774
Asotin,1997,8745,19943,0.43849972421400996,1.6359188665783304
Asotin,1998,8892,20202,0.44015444015444016,1.2987012987012987
Asotin,1999,9031,20442,0.44178651795323354,1.188001188001188
Asotin,2000,9111,20551,0.4433360907011824,0.5332159279913903
Asotin,2001,9182,20650,0.4446489104116223,0.4817283830470536
Asotin,2002,9229,20652,0.4468816579508038,0.009685230024213074
Asotin,2003,9294,20709,0.44879038099377083,0.2760023242300988
Asotin,2004,9367,20779,0.45079166466143705,0.33801728716982954
Asotin,2005,9476,20939,0.45255265294426666,0.7700081813369267
Asotin,2006,9604,21176,0.4535323007177937,1.1318592100864415
Asotin,2007,9744,21413,0.455050670153645,1.1191915375897243
Asotin,2008,9850,21522,0.4576712201468265,0.5090365665717088
Asotin,2009,9922,21593,0.45950076413652574,0.3298949911718242
Asotin,2010,9872,21623,0.45655089488045136,0.13893391376835085
Asotin,2011,9903,21667,0.4570545068537407,0.203487027701984
Asotin,2012,9923,21680,0.45770295202952027,0.05999907693727789
Asotin,2013,9938,21725,0.4574453394706559,0.20756457564575648
Asotin,2014,9967,21790,0.45741165672326756,0.2991944764096663
Asotin,2015,10027,21889,0.458083969116908,0.4543368517668655
Asotin,2016,10078,22003,0.4580284506658183,0.5208095390378729
Asotin,2017,10107,22047,0.45842971832902435,0.19997273099122848
Asotin,2018,10117,22112,0.45753437047756873,0.2948246927019549
Asotin,2019,10160,22182,0.45802903254891353,0.31657018813314036
Asotin,2020,10034,22285,0.45025802109041957,0.4643404562257686
Asotin,2021,10157,22500,0.4514222222222222,0.9647745120035899
Asotin,2022,10214,22600,0.45194690265486726,0.4444444444444444
Asotin,2023,10258,22650,0.45289183222958057,0.22123893805309736
Asotin,2024,10300,22725,0.45324532453245325,0.33112582781456956
Asotin,2025,10328,22750,0.45397802197802195,0.11001100110011
Benton,1990,44877,112560,0.39869402985074626,
Benton,1991,45555,114439,0.3980723354800374,1.6693319118692251
Benton,1992,46305,116503,0.3974575761997545,1.8035809470547628
Benton,1993,47375,119374,0.3968619632415769,2.4643142236680604
Benton,1994,48925,123457,0.39629182630389526,3.4203427882118387
Benton,1995,50796,128359,0.395733840244938,3.970613249957475
Benton,1996,52395,132590,0.39516554792970815,3.2962238721086954
Benton,1997,53513,135620,0.394580445362041,2.2852402141941326
Benton,1998,54258,137717,0.39398186135335506,1.5462321191564665
Benton,1999,54876,139498,0.39338198397109636,1.2932317724028262
Benton,2000,55963,142475,0.39279171784523603,2.134080775351618
Benton,2001,56952,145267,0.39205050011358394,1.9596420424635903
Benton,2002,58167,148290,0.3922516690269067,2.0809956838098125
Benton,2003,59748,151933,0.393252288837843,2.456672735855418
Benton,2004,61195,155874,0.39259273515788395,2.5939065245864956
Benton,2005,62740,159286,0.39388270155569227,2.1889474832236293
Benton,2006,64063,162255,0.39482912699146405,1.8639428449455695
Benton,2007,64931,165096,0.3932923874594175,1.7509475825090135
Benton,2008,65892,167598,0.39315504958293057,1.5154819014391627
Benton,2009,66602,171402,0.3885718953104398,2.2697168223964486
Benton,2010,68618,175177,0.391706673821335,2.2024247091632536
Benton,2011,69739,177675,0.392508794146616,1.4259862881542669
Benton,2012,70883,180115,0.39354301418538157,1.3732939355564937
Benton,2013,71956,183504,0.3921222425669195,1.8815756599950033
Benton,2014,73182,186954,0.3914438845919317,1.8800680094166886
Benton,2015,74437,189520,0.39276593499366824,1.372530141104229
Benton,2016,75245,191531,0.39286068573755684,1.0611017306880541
Benton,2017,76112,194724,0.39087118177523056,1.66709305543228
Benton,2018,77512,198731,0.39003477061958125,2.05778435118424
Benton,2019,78759,202822,0.38831586317066197,2.058561573181839
Benton,2020,80076,206873,0.3870780623861016,1.9973178452041693
Benton,2021,81386,209400,0.3886628462273161,1.2215223832979656
Benton,2022,83014,212300,0.3910221384832784,1.384909264565425
Benton,2023,84114,215500,0.3903201856148492,1.507300989166274
Benton,2024,85497,217850,0.3924581133807666,1.0904872389791183
Benton,2025,86633,219625,0.39445873648264085,0.8147808124856554
Chelan,1990,25048,52250,0.4793875598086124,
Chelan,1991,25487,53436,0.47696309604012277,2.2698564593301436
Chelan,1992,26087,54965,0.47461111616483215,2.861366868777603
Chelan,1993,26647,56423,0.4722719458376903,2.652597107250068
Chelan,1994,27411,58319,0.47001834736535264,3.3603317795934284
Chelan,1995,28102,60079,0.467750794786864,3.017884394451208
Chelan,1996,28503,61240,0.4654310907903331,1.9324556001265
Chelan,1997,29133,62895,0.4632005723825423,2.7024820378837364
Chelan,1998,29592,64199,0.4609417592174333,2.0732967644486844
Chelan,1999,30080,65575,0.45871139916126574,2.1433355659745477
Chelan,2000,30407,66616,0.45645190344661946,1.5874952344643538
Chelan,2001,30664,66896,0.45838316192298495,0.4203194427765101
Chelan,2002,30981,67400,0.4596587537091988,0.7534082755321694
Chelan,2003,31370,67507,0.4646925504021805,0.15875370919881307
Chelan,2004,31747,68013,0.46677841000985104,0.7495518983216556
Chelan,2005,32410,68963,0.4699621536186071,1.3967917898048903
Chelan,2006,33033,69895,0.47260891337005506,1.3514493279004682
Chelan,2007,33682,70773,0.4759159566501349,1.2561699692395738
Chelan,2008,34236,71799,0.47683115363723727,1.449705396125641
Chelan,2009,34562,72185,0.47879753411373555,0.537611944456051
Chelan,2010,35465,72453,0.48948973817509284,0.3712682690309621
Chelan,2011,35679,72833,0.489874095533618,0.5244779374215008
Chelan,2012,35845,73166,0.48991334772981987,0.45721033048206167
Chelan,2013,36044,73391,0.4911228897276233,0.3075198862859798
Chelan,2014,36626,74405,0.49225186479403266,1.3816408006431307
Chelan,2015,36926,74873,0.4931817878273877,0.6289899872320408
Chelan,2016,37289,75500,0.4938940397350993,0.8374180278605104
Chelan,2017,37703,76338,0.49389556970316223,1.1099337748344371
Chelan,2018,38303,77465,0.49445556057574386,1.4763289580549661
Chelan,2019,38672,77944,0.4961510828286975,0.6183437681533596
Chelan,2020,37267,79141,0.47089372133281104,1.535717951349687
Chelan,2021,37846,80000,0.473075,1.085404531153258
Chelan,2022,38468,80650,0.4769745815251085,0.8125
Chelan,2023,38968,81500,0.47813496932515337,1.0539367637941723
Chelan,2024,39366,82300,0.47832320777642773,0.98159509202454
Chelan,2025,39943,82900,0.4818214716525935,0.7290400972053462
Clallam,1990,25225,56210,0.44876356520192134,
Clallam,1991,26032,57626,0.4517405337868323,2.519124710905533
Clallam,1992,26489,58275,0.45455169455169453,1.126227744420921
Clallam,1993,27059,59155,0.45742540782689545,1.5100815100815101
Clallam,1994,27581,59919,0.4603047447387306,1.2915222719972952
Clallam,1995,28045,60548,0.4631862324106494,1.0497504965036133
Clallam,1996,28654,61469,0.46615367095609167,1.5211072207174472
Clallam,1997,29100,62037,0.46907490691039216,0.9240430135515463
Clallam,1998,29710,62933,0.4720893648801106,1.444299369730967
Clallam,1999,30131,63425,0.47506503744580214,0.7817838018209842
Clallam,2000,30683,64179,0.47808473176584243,1.18880567599527
Clallam,2001,31033,64717,0.4795185190908108,0.8382804344100094
Clallam,2002,31472,65398,0.48123795834735006,1.0522737456927855
Clallam,2003,31931,65928,0.4843313918213809,0.8104223370745283
Clallam,2004,32425,66725,0.48594979393031096,1.2088945516320835
Clallam,2005,32982,67672,0.4873803050005911,1.4192581491195204
Clallam,2006,33748,68948,0.4894703254626675,1.8855656697009102
Clallam,2007,34408,69847,0.49261958280241097,1.3038811858211987
Clallam,2008,34995,70629,0.4954763624007136,1.1195899609145705
Clallam,2009,35341,71027,0.49757134610781817,0.5635079075167424
Clallam,2010,35582,71404,0.4983194218811271,0.5307840680304673
Clallam,2011,35772,71810,0.49814789026597966,0.5685955968853286
Clallam,2012,35971,72383,0.49695370459914623,0.7979390057095113
Clallam,2013,36135,72771,0.49655769468607003,0.5360374673611207
Clallam,2014,36273,73104,0.49618351936966515,0.4575998680793173
Clallam,2015,36437,73482,0.4958629324188237,0.5170715692711753
Clallam,2016,36682,74160,0.49463322545846816,0.922674940801829
Clallam,2017,36921,74873,0.4931150080803494,0.9614347357065804
Clallam,2018,37174,75513,0.4922860964337266,0.8547807620904732
Clallam,2019,37569,76439,0.49148994623163567,1.226278918861653
Clallam,2020,37930,77155,0.49160780247553626,0.9366946192388701
Clallam,2021,38228,77750,0.4916784565916399,0.7711749076534249
Clallam,2022,38384,77625,0.49447987117552333,-0.1607717041800643
Clallam,2023,38608,78075,0.49449887928274094,0.5797101449275363
Clallam,2024,38862,78550,0.4947422024188415,0.6083893691962856
Clallam,2025,39090,78650,0.49701207883026066,0.1273074474856779
Clark,1990,92849,238053,0.3900349922076176,
Clark,1991,96852,248417,0.3898766992597125,4.353652337924748
Clark,1992,99721,255915,0.3896645370533185,3.0183119512754764
Clark,1993,103033,264548,0.3894680738467121,3.3733856944688667
Clark,1994,106829,274423,0.38928588347186643,3.732781952613514
Clark,1995,111605,286804,0.38913334542056593,4.511648076145221
Clark,1996,116052,298364,0.3889611347213471,4.0306271879053295
Clark,1997,120724,310512,0.38879012727366413,4.0715367805767455
Clark,1998,125873,323892,0.38862645573215765,4.309012212088422
Clark,1999,129984,334641,0.38842819618636093,3.318698825534437
Clark,2000,134030,345238,0.3882249346827406,3.1666771256361295
Clark,2001,137382,352715,0.3894986036885304,2.1657523215868473
Clark,2002,142525,364855,0.3906346356771868,3.44187233318685
Clark,2003,146815,374091,0.3924579848218749,2.5314165901522525
Clark,2004,151482,385370,0.39308197316864313,3.0150417946435493
Clark,2005,155762,394600,0.3947339077546883,2.395100812206451
Clark,2006,160104,404737,0.3955753983450982,2.5689305625950327
Clark,2007,163299,412692,0.3956921869093658,1.9654738756278771
Clark,2008,166196,419091,0.39656303762190076,1.5505510162542526
Clark,2009,168118,423775,0.39671523803905373,1.117657024369409
Clark,2010,167413,425363,0.39357678030294124,0.37472715474013335
Clark,2011,168441,428626,0.3929789606790069,0.7671095041176595
Clark,2012,169668,432320,0.392459289415248,0.8618235944623052
Clark,2013,170753,437014,0.39072661287739063,1.0857698001480385
Clark,2014,172907,444450,0.38903588705141184,1.701547318850197
Clark,2015,174899,452534,0.3864880870829595,1.8188772640341997
Clark,2016,177656,461869,0.3846458627879334,2.062828428361184
Clark,2017,181448,472481,0.38403237378857563,2.297621186959939
Clark,2018,184794,480952,0.38422545285184384,1.7928763273020503
Clark,2019,188418,490693,0.3839834682785367,2.0253580398875566
Clark,2020,195036,503311,0.3875059356938354,2.571465254242469
Clark,2021,199905,513100,0.3896024166829078,1.944920734893535
Clark,2022,203748,520900,0.3911460933000576,1.5201715065289418
Clark,2023,207043,527400,0.3925729996207812,1.247840276444615
Clark,2024,211977,536300,0.3952582509789297,1.6875237011755782
Clark,2025,216311,542400,0.39880346607669614,1.137423084094723
Columbia,1990,2046,4024,0.5084493041749503,
Columbia,1991,2051,4044,0.5071711177052424,0.4970178926441352
Columbia,1992,2044,4041,0.5058153922296461,-0.0741839762611276
Columbia,1993,2042,4047,0.504571287373363,0.14847809948032664
Columbia,1994,2040,4053,0.5033308660251665,0.14825796886582654
Columbia,1995,2034,4051,0.5020982473463342,-0.049346163335800636
Columbia,1996,2029,4051,0.5008639842014317,0.0
Columbia,1997,2027,4056,0.4997534516765286,0.12342631449024932
Columbia,1998,2023,4058,0.4985214391325776,0.04930966469428008
Columbia,1999,2021,4062,0.49753815854258987,0.09857072449482504
Columbia,2000,2018,4064,0.4965551181102362,0.04923682914820286
Columbia,2001,2060,4114,0.5007292173067575,1.2303149606299213
Columbia,2002,2074,4115,0.5040097205346294,0.024307243558580455
Columbia,2003,2092,4111,0.5088786183410362,-0.09720534629404617
Columbia,2004,2103,4122,0.5101892285298398,0.2675747993189005
Columbia,2005,2120,4135,0.5126964933494559,0.3153808830664726
Columbia,2006,2143,4128,0.5191375968992248,-0.16928657799274485
Columbia,2007,2155,4095,0.5262515262515263,-0.7994186046511629
Columbia,2008,2170,4099,0.5293974140034154,0.09768009768009768
Columbia,2009,2183,4097,0.5328288991945326,-0.04879238838741156
Columbia,2010,2136,4078,0.523786169691025,-0.4637539663168172
Columbia,2011,2147,4069,0.5276480707790612,-0.2206964198136341
Columbia,2012,2149,4039,0.5320623916811091,-0.7372818874416318
Columbia,2013,2157,4037,0.5343076541986623,-0.04951720722951226
Columbia,2014,2155,4003,0.5383462403197602,-0.8422095615556106
Columbia,2015,2180,4007,0.5440479161467432,0.09992505620784412
Columbia,2016,2191,3990,0.5491228070175439,-0.4242575492887447
Columbia,2017,2199,3979,0.5526514199547625,-0.2756892230576441
Columbia,2018,2208,3970,0.5561712846347607,-0.2261874842925358
Columbia,2019,2211,3962,0.5580514891468955,-0.20151133501259444
Columbia,2020,2190,3952,0.5541497975708503,-0.2523977788995457
Columbia,2021,2198,3950,0.5564556962025317,-0.05060728744939271
Columbia,2022,2216,3950,0.5610126582278481,0.0
Columbia,2023,2227,3950,0.5637974683544303,0.0
Columbia,2024,2233,3975,0.5617610062893081,0.6329113924050633
Columbia,2025,2239,3950,0.5668354430379747,-0.628930817610063
Cowlitz,1990,33304,82119,0.4055577880880186,
Cowlitz,1991,33684,82862,0.40650720475006635,0.9047845200258161
Cowlitz,1992,34147,83802,0.4074723753609699,1.1344162583572686
Cowlitz,1993,34642,84813,0.40845153455248606,1.2064151213574854
Cowlitz,1994,35180,85921,0.4094458863374495,1.3064034994635256
Cowlitz,1995,35805,87232,0.41045717168011736,1.5258202302114732
Cowlitz,1996,36428,88531,0.4114716878833403,1.4891324284666176
Cowlitz,1997,36945,89568,0.4124799035369775,1.1713411121528052
Cowlitz,1998,37462,90600,0.4134878587196468,1.152197213290461
Cowlitz,1999,38029,91744,0.41451212068364146,1.2626931567328918
Cowlitz,2000,38624,92948,0.4155441752377674,1.312347401464946
Cowlitz,2001,39168,94081,0.41632210541979786,1.2189611395619055
Cowlitz,2002,39674,94854,0.41826385813987815,0.8216324231247543
Cowlitz,2003,40092,95849,0.41828292418282925,1.0489805385118183
Cowlitz,2004,40548,96593,0.41978197177849325,0.7762209308391324
Cowlitz,2005,41077,97673,0.42055634617550397,1.118093443624279
Cowlitz,2006,41735,99095,0.4211615116807104,1.455878287756084
Cowlitz,2007,42350,100377,0.4219094015561334,1.2937080579242142
Cowlitz,2008,42826,101542,0.42175651454570523,1.1606244458391863
Cowlitz,2009,43190,102175,0.4227061414240274,0.6233873668038842
Cowlitz,2010,43450,102410,0.4242749731471536,0.22999755321751894
Cowlitz,2011,43591,102730,0.42432590285213667,0.3124694854018162
Cowlitz,2012,43697,103097,0.42384356479819973,0.3572471527304585
Cowlitz,2013,43822,103470,0.423523726684063,0.3617952025762146
Cowlitz,2014,44009,104043,0.4229885720327172,0.5537837054218614
Cowlitz,2015,44218,104702,0.42232240071822885,0.6333919629384005
Cowlitz,2016,44437,105419,0.4215274286418957,0.6848006723844817
Cowlitz,2017,44685,106469,0.4196996308784717,0.9960253844183685
Cowlitz,2018,45087,107782,0.4183166020300236,1.2332228160309573
Cowlitz,2019,45444,109315,0.4157160499473997,1.4223154144476815
Cowlitz,2020,45424,110730,0.4102230651133387,1.2944243699400815
Cowlitz,2021,45814,111500,0.4108878923766816,0.6953851711369999
Cowlitz,2022,46255,112350,0.41170449488206495,0.7623318385650224
Cowlitz,2023,46536,113000,0.4118230088495575,0.5785491766800178
Cowlitz,2024,47102,113900,0.4135381913959614,0.7964601769911505
Cowlitz,2025,47513,114500,0.41496069868995633,0.5267778753292361
Douglas,1990,10636,26195,0.4060316854361519,
Douglas,1991,11204,27648,0.40523726851851855,5.546860087803015
Douglas,1992,11084,27423,0.4041862670021515,-0.8138020833333334
Douglas,1993,11350,28143,0.40329744519063354,2.6255333114538892
Douglas,1994,11545,28692,0.40237696919001814,1.9507515190278224
Douglas,1995,11768,29312,0.40147379912663755,2.1608810818346575
Douglas,1996,12004,29967,0.4005739646944973,2.2345796943231444
Douglas,1997,12209,30548,0.3996660992536336,1.9387993459472084
Douglas,1998,12533,31427,0.39879721258790213,2.877438784863166
Douglas,1999,12747,32035,0.39790853753706884,1.9346421866547874
Douglas,2000,12944,32603,0.39701867926264456,1.77306071484314
Douglas,2001,13075,32817,0.39842154980650274,0.6563813146029506
Douglas,2002,13277,32871,0.40391226308904504,0.16454886187037207
Douglas,2003,13493,33545,0.4022358026531525,2.050439597213349
Douglas,2004,13727,33944,0.4044013669573415,1.1894470114771203
Douglas,2005,13992,34466,0.4059652991353798,1.5378270091916098
Douglas,2006,14338,35505,0.40383044641599775,3.0145650786282134
Douglas,2007,14700,36340,0.40451293340671435,2.351781439233911
Douglas,2008,15191,37238,0.4079434985767227,2.471106219042378
Douglas,2009,15544,38036,0.40866547481333476,2.1429722326655565
Douglas,2010,16004,38431,0.41643464911139444,1.0384898517194237
Douglas,2011,16102,38676,0.41633054090391974,0.637506179906846
Douglas,2012,16214,38968,0.41608499281461714,0.7549901747853967
Douglas,2013,16299,39269,0.41506022562326517,0.7724286594128515
Douglas,2014,16417,39557,0.4150213615794929,0.7334029387048308
Douglas,2015,16591,40008,0.41469206158768246,1.1401269054781706
Douglas,2016,16772,40533,0.4137862975846841,1.312237552489502
Douglas,2017,16976,41042,0.41362506700453194,1.2557669059778451
Douglas,2018,17193,41570,0.41359153235506374,1.2864870133034452
Douglas,2019,17408,42151,0.4129913881046713,1.397642530671157
Douglas,2020,17318,42938,0.4033257254646234,1.8670968660292757
Douglas,2021,17591,43550,0.4039265212399541,1.4253109134100332
Douglas,2022,17966,44000,0.4083181818181818,1.0332950631458095
Douglas,2023,18183,44500,0.4086067415730337,1.1363636363636365
Douglas,2024,18465,45150,0.4089700996677741,1.4606741573033708
Douglas,2025,18751,45450,0.41256325632563257,0.6644518272425249
Ferry,1990,3239,6295,0.5145353455123114,
Ferry,1991,3277,6366,0.5147659440779139,1.1278792692613184
Ferry,1992,3330,6465,0.5150812064965197,1.5551366635249764
Ferry,1993,3382,6561,0.515470202713001,1.4849187935034802
Ferry,1994,3430,6648,0.5159446450060169,1.3260173754000915
Ferry,1995,3519,6812,0.5165883734586024,2.46690734055355
Ferry,1996,3595,6950,0.5172661870503598,2.0258367586611863
Ferry,1997,3655,7058,0.5178520827429867,1.553956834532374
Ferry,1998,3699,7135,0.5184302733006307,1.0909606120714084
Ferry,1999,3729,7184,0.5190701559020044,0.6867554309740714
Ferry,2000,3775,7260,0.5199724517906336,1.0579064587973273
Ferry,2001,3835,7340,0.5224795640326976,1.1019283746556474
Ferry,2002,3880,7378,0.5258877744646245,0.5177111716621253
Ferry,2003,3914,7397,0.529133432472624,0.2575223637842234
Ferry,2004,3925,7367,0.5327813221121216,-0.405569825604975
Ferry,2005,3969,7405,0.5359891964888589,0.5158137640830731
Ferry,2006,4021,7462,0.5388635754489413,0.7697501688048616
Ferry,2007,4071,7484,0.5439604489577766,0.2948271240954168
Ferry,2008,4121,7529,0.5473502457165627,0.6012827365045431
Ferry,2009,4168,7563,0.551104059235753,0.4515871961747908
Ferry,2010,4403,7551,0.5831015759502053,-0.15866719555731854
Ferry,2011,4418,7514,0.5879691243013042,-0.49000132432790355
Ferry,2012,4438,7477,0.5935535642637422,-0.4924141602342294
Ferry,2013,4459,7449,0.5986038394415357,-0.37448174401497925
Ferry,2014,4473,7404,0.6041329011345219,-0.6041079339508658
Ferry,2015,4494,7354,0.6110960021756867,-0.6753106428957321
Ferry,2016,4520,7319,0.6175707063806531,-0.4759314658689149
Ferry,2017,4548,7283,0.6244679390361115,-0.4918704741084847
Ferry,2018,4566,7234,0.631186065800387,-0.6727996704654675
Ferry,2019,4602,7209,0.6383687057844362,-0.3455902681780481
Ferry,2020,4059,7178,0.5654778489830036,-0.4300180330142877
Ferry,2021,4104,7250,0.5660689655172414,1.0030649205906939
Ferry,2022,4131,7300,0.5658904109589041,0.6896551724137931
Ferry,2023,4150,7300,0.5684931506849316,0.0
Ferry,2024,4173,7350,0.5677551020408164,0.684931506849315
Ferry,2025,4188,7350,0.5697959183673469,0.0
Franklin,1990,13664,37473,0.36463587116056895,
Franklin,1991,13883,38522,0.3603914646176211,2.799348864515785
Franklin,1992,13918,39077,0.3561685902193106,1.4407351643216861
Franklin,1993,14116,40092,0.35209019255711865,2.597435831819229
Franklin,1994,14370,41280,0.3481104651162791,2.9631846752469317
Franklin,1995,14635,42516,0.34422335120895664,2.994186046511628
Franklin,1996,14859,43694,0.3400695747699913,2.770721610687741
Franklin,1997,15204,45180,0.3365205843293493,3.400924612074884
Franklin,1998,15473,46465,0.3330033358441838,2.8441788401947767
Franklin,1999,15780,47900,0.32943632567849684,3.0883460669320995
Franklin,2000,16084,49347,0.3259367337426794,3.0208768267223385
Franklin,2001,16472,50473,0.32635270342559386,2.281800312075709
Franklin,2002,17085,52286,0.3267605095054125,3.5920194955718903
Franklin,2003,17762,54907,0.3234924508714736,5.012814137627663
Franklin,2004,18731,58576,0.3197726031139033,6.68220809732821
Franklin,2005,20297,62572,0.32437831617976093,6.821906582900847
Franklin,2006,21441,66371,0.323047716623224,6.071405740586844
Franklin,2007,22256,69582,0.3198528355034348,4.83795633635172
Franklin,2008,22902,72230,0.31707046933407174,3.805581903365813
Franklin,2009,23544,75111,0.3134560849942086,3.9886473764363837
Franklin,2010,24423,78163,0.31246241827974874,4.063319620295296
Franklin,2011,25070,80493,0.31145565452896523,2.980950065887952
Franklin,2012,25633,82484,0.31076329954900345,2.4735070130321892
Franklin,2013,26206,84251,0.3110467531542652,2.1422336453130306
Franklin,2014,26608,86544,0.3074505453873174,2.721629416861521
Franklin,2015,26930,87053,0.3093517742065179,0.588140136809022
Franklin,2016,27365,88515,0.3091566401174942,1.6794366650201602
Franklin,2017,27862,90036,0.3094539961793061,1.7183528215556683
Franklin,2018,28476,92626,0.30742987929954874,2.876627126927007
Franklin,2019,29110,94734,0.30728144066544216,2.2758188845464558
Franklin,2020,29740,96749,0.30739335807088447,2.127008254692085
Franklin,2021,30441,98350,0.3095170310116929,1.6547974656068796
Franklin,2022,31036,99750,0.3111378446115288,1.4234875444839856
Franklin,2023,31439,101100,0.3109693372898121,1.3533834586466165
Franklin,2024,31954,102300,0.312355816226784,1.1869436201780417
Franklin,2025,32433,103250,0.31412106537530265,0.9286412512218964
Garfield,1990,1209,2248,0.5378113879003559,
Garfield,1991,1212,2259,0.5365205843293492,0.4893238434163701
Garfield,1992,1219,2272,0.5365316901408451,0.5754758742806552
Garfield,1993,1217,2268,0.5365961199294532,-0.17605633802816903
Garfield,1994,1240,2310,0.5367965367965368,1.8518518518518516
Garfield,1995,1247,2322,0.5370370370370371,0.5194805194805194
Garfield,1996,1259,2344,0.5371160409556314,0.9474590869939706
Garfield,1997,1264,2354,0.5369583687340697,0.42662116040955633
Garfield,1998,1267,2360,0.536864406779661,0.2548853016142736
Garfield,1999,1273,2372,0.5366779089376054,0.5084745762711864
Garfield,2000,1288,2397,0.5373383395911556,1.0539629005059024
Garfield,2001,1292,2382,0.5424013434089001,-0.6257822277847309
Garfield,2002,1296,2365,0.5479915433403806,-0.7136859781696054
Garfield,2003,1296,2348,0.5519591141396933,-0.718816067653277
Garfield,2004,1297,2325,0.5578494623655914,-0.9795570698466781
Garfield,2005,1303,2315,0.5628509719222462,-0.43010752688172044
Garfield,2006,1308,2306,0.5672159583694709,-0.38876889848812096
Garfield,2007,1311,2287,0.5732400524704854,-0.823937554206418
Garfield,2008,1318,2278,0.5785776997366111,-0.3935286401399213
Garfield,2009,1326,2272,0.5836267605633803,-0.2633889376646181
Garfield,2010,1233,2266,0.5441306266548985,-0.2640845070422535
Garfield,2011,1235,2266,0.5450132391879965,0.0
Garfield,2012,1235,2260,0.5464601769911505,-0.264783759929391
Garfield,2013,1238,2260,0.547787610619469,0.0
Garfield,2014,1234,2252,0.5479573712255773,-0.35398230088495575
Garfield,2015,1242,2280,0.5447368421052632,1.2433392539964476
Garfield,2016,1241,2266,0.5476610767872904,-0.6140350877192983
Garfield,2017,1240,2263,0.547945205479452,-0.1323918799646955
Garfield,2018,1241,2269,0.5469369766416924,0.26513477684489617
Garfield,2019,1245,2278,0.5465320456540825,0.3966505068312032
Garfield,2020,1194,2286,0.5223097112860893,0.35118525021949076
Garfield,2021,1199,2300,0.5213043478260869,0.6124234470691163
Garfield,2022,1206,2300,0.5243478260869565,0.0
Garfield,2023,1209,2300,0.5256521739130435,0.0
Garfield,2024,1225,2325,0.5268817204301075,1.0869565217391304
Garfield,2025,1231,2300,0.5352173913043479,-1.0752688172043012
Grant,1990,22810,54798,0.41625606773969853,
Grant,1991,23148,56008,0.4132981002713898,2.2081097850286504
Grant,1992,23639,57596,0.410427807486631,2.835309241536923
Grant,1993,24231,59444,0.40762734674651774,3.2085561497326207
Grant,1994,24957,61638,0.40489633018592425,3.690868716775453
Grant,1995,25783,64099,0.4022371643863399,3.992666861351764
Grant,1996,26567,66484,0.39959990373623727,3.720806876862354
Grant,1997,27136,68359,0.3969630919118185,2.820227423139402
Grant,1998,27835,70578,0.3943863526878064,3.2460978071651136
Grant,1999,28494,72718,0.391842459913639,3.0321063220833686
Grant,2000,29081,74698,0.38931430560389835,2.7228471630132844
Grant,2001,29575,75899,0.3896625778995771,1.607807437950146
Grant,2002,29965,76942,0.3894491954979075,1.3741946534209937
Grant,2003,30356,77493,0.3917257042571587,0.7161238335369499
Grant,2004,30947,78979,0.39183833677306623,1.9175925567470609
Grant,2005,31442,80121,0.3924314474357534,1.4459539877689005
Grant,2006,32111,81792,0.3925934076682316,2.0855955367506644
Grant,2007,32987,83729,0.3939734142292396,2.368202269170579
Grant,2008,33928,85983,0.39458962818231513,2.6920182971252493
Grant,2009,34625,87721,0.39471734248355583,2.021329797750718
Grant,2010,35083,89120,0.39366023339317774,1.5948290603162298
Grant,2011,35408,89768,0.3944389983067463,0.7271095152603231
Grant,2012,35736,90404,0.3952922437060307,0.708493004188575
Grant,2013,36029,91166,0.3952021586995152,0.8428830582717579
Grant,2014,36342,91862,0.39561516187324464,0.7634425114626067
Grant,2015,36777,92722,0.39663725976575137,0.9361868890291959
Grant,2016,37128,93434,0.3973714065543592,0.7678868014063545
Grant,2017,37487,94289,0.39757553903424575,0.9150844446347154
Grant,2018,38335,96214,0.3984347392271395,2.0415955201561156
Grant,2019,39088,97734,0.3999427016186793,1.5798116698193612
Grant,2020,38635,99123,0.3897682677077974,1.4212044938301922
Grant,2021,39462,100800,0.39148809523809525,1.6918374141218484
Grant,2022,39957,101800,0.3925049115913556,0.992063492063492
Grant,2023,40592,103300,0.39295256534365924,1.4734774066797642
Grant,2024,41435,105300,0.3934947768281102,1.9361084220716358
Grant,2025,42042,106250,0.3956894117647059,0.9021842355175688
Grays Harbor,1990,29932,64175,0.4664121542656798,
Grays Harbor,1991,30101,64309,0.4680682330622463,0.20880405142189323
Grays Harbor,1992,30363,64636,0.46975369762980385,0.5084824830117092
Grays Harbor,1993,30610,64930,0.4714307716001848,0.4548548796336407
Grays Harbor,1994,30964,65441,0.4731590287434483,0.7870013861081165
Grays Harbor,1995,31256,65820,0.47487085992099665,0.5791476291621461
Grays Harbor,1996,31537,66172,0.47659130750166234,0.5347918565785476
Grays Harbor,1997,31834,66553,0.4783255450543176,0.5757722299462008
Grays Harbor,1998,31955,66568,0.48003545246965507,0.022538428019773713
Grays Harbor,1999,32166,66766,0.4817721594823713,0.29744021151303934
Grays Harbor,2000,32489,67194,0.48351043247909037,0.6410448431836564
Grays Harbor,2001,32698,68709,0.4758910768603822,2.2546655951424235
Grays Harbor,2002,32951,69229,0.47597105259356626,0.7568149732931639
Grays Harbor,2003,33187,69445,0.4778889768881849,0.31200797353710147
Grays Harbor,2004,33554,70069,0.47887082732734876,0.8985528115775073
Grays Harbor,2005,34057,70812,0.48094955657233235,1.0603833364255233
Grays Harbor,2006,34637,71582,0.4838786287055405,1.0873863187030448
Grays Harbor,2007,35051,72038,0.48656264749160166,0.6370316560029058
Grays Harbor,2008,35472,72295,0.4906563386126288,0.3567561564729726
Grays Harbor,2009,35734,72569,0.4924141162204247,0.37900269728196967
Grays Harbor,2010,35166,72797,0.48306935725373296,0.3141837423693312
Grays Harbor,2011,35265,72885,0.48384441243054127,0.12088410236685578
Grays Harbor,2012,35398,73142,0.48396270268792213,0.35261027646292104
Grays Harbor,2013,35515,73272,0.4847008407031335,0.1777364578491154
Grays Harbor,2014,35652,73499,0.4850678240520279,0.3098045638170106
Grays Harbor,2015,35759,73474,0.48668916895772657,-0.03401406821861522
Grays Harbor,2016,35908,73662,0.4874697944666178,0.25587282576149384
Grays Harbor,2017,36116,73910,0.48864835610878093,0.3366729114061524
Grays Harbor,2018,36354,74407,0.4885830634214523,0.6724394533892573
Grays Harbor,2019,36673,75145,0.488029809035864,0.9918421653876651
Grays Harbor,2020,36058,75636,0.4767306573589296,0.6534034200545612
Grays Harbor,2021,36443,76050,0.479197896120973,0.5473584007615422
Grays Harbor,2022,36868,76400,0.482565445026178,0.46022353714661407
Grays Harbor,2023,37298,77000,0.48438961038961037,0.7853403141361256
Grays Harbor,2024,37549,77400,0.48512919896640827,0.5194805194805194
Grays Harbor,2025,37833,77750,0.48659807073954986,0.45219638242894056
Island,1990,25860,60195,0.42960378769000745,
Island,1991,26884,62176,0.432385486361297,3.2909710108813024
Island,1992,27517,63289,0.4347832956753938,1.790079773546063
Island,1993,28107,64303,0.4371024680030481,1.6021741534863878
Island,1994,28618,65139,0.4393374169084573,1.3000948633811797
Island,1995,29316,66378,0.44165235469583297,1.9020863077419057
Island,1996,29875,67308,0.44385511380519405,1.4010666184579228
Island,1997,30573,68536,0.4460867281428738,1.82444880251976
Island,1998,31203,69609,0.4482610007326639,1.565600560289483
Island,1999,31811,70629,0.4503957297993742,1.4653277593414644
Island,2000,32378,71558,0.4524721205176221,1.3153237338770194
Island,2001,32932,72062,0.45699536510227307,0.704323765337209
Island,2002,33668,73151,0.4602534483465708,1.5111986900169299
Island,2003,34328,73630,0.4662230069265245,0.6548099137400719
Island,2004,35151,74549,0.4715153791466016,1.248132554665218
Island,2005,36057,75951,0.4747402930836987,1.880642262136313
Island,2006,36900,77189,0.4780473901721748,1.6299982883701336
Island,2007,37691,78225,0.48182806008309365,1.3421601523533147
Island,2008,38446,78544,0.4894836015481768,0.40779801853627357
Island,2009,38822,78737,0.49305917167278407,0.24572214300264816
Island,2010,40234,78506,0.5124958601890302,-0.2933817646087608
Island,2011,40444,79209,0.5105985430948503,0.895472957480957
Island,2012,40588,79926,0.5078197332532592,0.9052001666477294
Island,2013,40701,80141,0.507867383736165,0.2689988239121187
Island,2014,40877,80810,0.5058408612795446,0.834778702536779
Island,2015,41171,81684,0.5040277165662798,1.0815493132038114
Island,2016,41454,82759,0.5009002042073973,1.3160472063072328
Island,2017,41751,84125,0.496297176820208,1.650575768194396
Island,2018,42165,85072,0.4956389881512131,1.125705794947994
Island,2019,42545,85847,0.49559099327874007,0.9109930411886402
Island,2020,41922,86857,0.48265539910427485,1.1765117010495416
Island,2021,42159,87100,0.48402985074626864,0.2797701969904556
Island,2022,42425,87700,0.48375142531356896,0.6888633754305395
Island,2023,42678,88150,0.4841520136131594,0.5131128848346637
Island,2024,42954,88650,0.4845346869712352,0.5672149744753261
Island,2025,43150,88700,0.48647125140924463,0.05640157924421885
Jefferson,1990,11014,20406,0.5397432127805547,
Jefferson,1991,11409,21144,0.5395856980703746,3.6165833578359305
Jefferson,1992,11836,21940,0.5394712853236099,3.764661369655694
Jefferson,1993,12210,22641,0.5392871339605141,3.1950774840474017
Jefferson,1994,12568,23313,0.5390983571397933,2.968066781502584
Jefferson,1995,12907,23950,0.5389144050104384,2.7323810749367303
Jefferson,1996,13150,24412,0.5386695067999344,1.9290187891440502
Jefferson,1997,13421,24925,0.5384553660982949,2.1014255284286416
Jefferson,1998,13628,25322,0.5381881367980412,1.5927783350050149
Jefferson,1999,13916,25865,0.5380243572395128,2.1443803806966275
Jefferson,2000,14144,26299,0.5378151260504201,1.6779431664411366
Jefferson,2001,14411,26665,0.5404462778923683,1.3916878968782083
Jefferson,2002,14690,27143,0.5412076778543271,1.792612038252391
Jefferson,2003,14919,27343,0.5456241085469773,0.7368382271672255
Jefferson,2004,15177,27738,0.5471555267142548,1.44461105218886
Jefferson,2005,15579,28356,0.5494075327972916,2.227990482370755
Jefferson,2006,15914,28847,0.5516691510382362,1.731555931725208
Jefferson,2007,16219,29244,0.5546094925454794,1.3762262973619441
Jefferson,2008,16506,29634,0.5569953431868799,1.333606893721789
Jefferson,2009,16649,29773,0.559197931011319,0.4690558142673955
Jefferson,2010,17767,29872,0.5947710230316015,0.33251603802102575
Jefferson,2011,17887,30184,0.5925987278028094,1.0444563470808785
Jefferson,2012,17965,30424,0.5904877728109388,0.7951232441028359
Jefferson,2013,18033,30592,0.5894678347280334,0.5521956350249803
Jefferson,2014,18143,30983,0.5855791885872899,1.2781119246861925
Jefferson,2015,18251,31266,0.5837331286381373,0.9134041248426557
Jefferson,2016,18382,31705,0.5797823687115596,1.4040811104714386
Jefferson,2017,18487,32000,0.57771875,0.9304526099984229
Jefferson,2018,18617,32315,0.5761101655577905,0.984375
Jefferson,2019,18737,32683,0.5732949851604809,1.1387900355871887
Jefferson,2020,19087,32977,0.5787973436031173,0.8995502248875562
Jefferson,2021,19244,33100,0.5813897280966768,0.3729872335263972
Jefferson,2022,19430,33350,0.5826086956521739,0.7552870090634441
Jefferson,2023,19481,33425,0.58282722513089,0.22488755622188905
Jefferson,2024,19656,33700,0.5832640949554896,0.8227374719521316
Jefferson,2025,19775,33825,0.5846267553584626,0.370919881305638
King,1990,647339,1507305,0.4294678250254593,
King,1991,665496,1549991,0.42935475109210314,2.831941776879928
King,1992,674144,1570997,0.42911857883878834,1.355233675550374
King,1993,682173,1590603,0.4288769730724763,1.2479972908923442
King,1994,689899,1609529,0.42863409109124473,1.1898632153969282
King,1995,696213,1625241,0.42837523788779636,0.9761862010563338
King,1996,702215,1640249,0.4281148776801571,0.9234322786589804
King,1997,709896,1659106,0.42787862861083015,1.149642523787547
King,1998,721201,1686266,0.4276911234645068,1.637026205679444
King,1999,731928,1712122,0.42749757318695747,1.5333286681935117
King,2000,742239,1737046,0.4272995648935031,1.455737383200496
King,2001,752799,1755487,0.4288263029005626,1.0616299165364649
King,2002,763615,1777514,0.42959717898143135,1.2547515304869816
King,2003,773301,1788082,0.43247513257221987,0.5945382146075924
King,2004,783675,1800783,0.435185694223013,0.7103141802221599
King,2005,793869,1814999,0.43739362941797766,0.7894343738251639
King,2006,802970,1845209,0.43516479705009026,1.66446372697726
King,2007,812679,1871098,0.4343326752527126,1.4030388969488008
King,2008,821967,1891125,0.4346444576640888,1.0703341032912226
King,2009,832337,1909205,0.43595999381941697,0.9560446823980434
King,2010,851261,1931249,0.4407826230589634,1.154616712191724
King,2011,857258,1945686,0.4405942171552861,0.7475473126458577
King,2012,862221,1956755,0.44063819946799676,0.5688996066168951
King,2013,870086,1983550,0.43865090368279097,1.36935896420349
King,2014,880304,2021027,0.4355726073921823,1.889390234680245
King,2015,894045,2061981,0.433585469507236,2.0263954910053155
King,2016,907354,2118958,0.4282076379050458,2.763216537882745
King,2017,922163,2149910,0.428930978506077,1.4607179566560544
King,2018,937249,2187460,0.428464520494089,1.7465847407565898
King,2019,956082,2227755,0.4291683780307978,1.8420908268036902
King,2020,969234,2269675,0.42703646997918204,1.8817150000785543
King,2021,984458,2287050,0.43044883146411317,0.7655281042439996
King,2022,1002064,2317700,0.43235276351555424,1.3401543473032946
King,2023,1020452,2347800,0.4346417923162109,1.2987012987012987
King,2024,1040626,2378100,0.43758714940498716,1.290569895221058
King,2025,1060799,2411700,0.43985528880043123,1.4128926453891764
Kitsap,1990,74038,189731,0.39022616230347174,
Kitsap,1991,77067,196926,0.39135005027269126,3.79221107778908
Kitsap,1992,79294,202113,0.39232508547198847,2.6339843392949636
Kitsap,1993,81805,207976,0.39333865446013,2.9008524934071533
Kitsap,1994,83752,212429,0.39425878764198863,2.1411124360503133
Kitsap,1995,86289,218308,0.39526265643036446,2.7675129101958773
Kitsap,1996,87880,221849,0.39612529242863387,1.6220202649467725
Kitsap,1997,89421,225251,0.39698380917287823,1.5334754720553168
Kitsap,1998,90363,227179,0.39776123673402913,0.8559340469076718
Kitsap,1999,91499,229569,0.398568622070053,1.052033858763354
Kitsap,2000,92644,231969,0.3993809517651065,1.0454373194987128
Kitsap,2001,93708,233918,0.4006019203310562,0.8401984747962012
Kitsap,2002,95179,236656,0.4021829152863228,1.170495643772604
Kitsap,2003,96564,239443,0.4032859594976675,1.177658711378541
Kitsap,2004,97895,240777,0.4065795320981655,0.5571263306924822
Kitsap,2005,99414,239819,0.41453763046297415,-0.39787853490989583
Kitsap,2006,101091,244049,0.414224192682617,1.7638302219590607
Kitsap,2007,102872,247476,0.41568475326900384,1.404226200476134
Kitsap,2008,104466,249905,0.41802284868249934,0.9815093180752882
Kitsap,2009,105226,251249,0.41881161716066534,0.5378043656589504
Kitsap,2010,107367,251133,0.42753043208180525,-0.04616933798741488
Kitsap,2011,107364,250422,0.42873229987780626,-0.28311691414509443
Kitsap,2012,107858,252907,0.42647297227834735,0.992324955475158
Kitsap,2013,108449,253217,0.42828483079730034,0.12257470137244125
Kitsap,2014,109136,255971,0.42636079868422594,1.0876047026858386
Kitsap,2015,109474,259034,0.4226240570735888,1.1966199296014002
Kitsap,2016,110385,263471,0.41896451601884077,1.7129025533327673
Kitsap,2017,111145,265268,0.4189913596815296,0.6820484986962512
Kitsap,2018,112344,269280,0.4172014260249554,1.512432709561651
Kitsap,2019,113145,272342,0.41545189504373176,1.137106357694593
Kitsap,2020,113248,275611,0.41089796851359345,1.2003289980979797
Kitsap,2021,114252,277700,0.411422398271516,0.7579523313655842
Kitsap,2022,115403,280900,0.4108330366678533,1.1523226503420958
Kitsap,2023,116977,283200,0.41305437853107346,0.8187967248131008
Kitsap,2024,118752,286100,0.4150716532680881,1.024011299435028
Kitsap,2025,120648,288900,0.4176116303219107,0.9786787836420832
Kittitas,1990,13215,26725,0.49448082319925163,
Kittitas,1991,13449,27203,0.4943940006616917,1.7885874649204863
Kittitas,1992,13683,27684,0.49425661031642826,1.768187332279528
Kittitas,1993,13986,28295,0.494292277787595,2.207051004190146
Kittitas,1994,14304,28938,0.4942981546755132,2.2724863050008834
Kittitas,1995,14733,29791,0.4945453324829647,2.947681249568042
Kittitas,1996,15014,30372,0.49433688924008956,1.9502534322446377
Kittitas,1997,15313,30989,0.4941430830294621,2.0314763598050836
Kittitas,1998,15737,31845,0.49417490971895117,2.7622704830746394
Kittitas,1999,16272,32916,0.4943492526430915,3.3631653320772488
Kittitas,2000,16475,33362,0.4938253102331994,1.354964151172682
Kittitas,2001,16766,33936,0.49404761904761907,1.7205203524968526
Kittitas,2002,16969,34507,0.4917552960268931,1.6825789721829327
Kittitas,2003,17332,35474,0.4885831876867565,2.802329962036688
Kittitas,2004,17700,36773,0.4813314116335355,3.6618368382477304
Kittitas,2005,18085,37660,0.4802177376526819,2.4120958311804856
Kittitas,2006,18565,38175,0.4863130320890635,1.367498672331386
Kittitas,2007,19190,39134,0.4903664332805233,2.5121152586771447
Kittitas,2008,19687,40142,0.4904339594439739,2.57576531915981
Kittitas,2009,20010,40710,0.4915254237288136,1.4149768322455283
Kittitas,2010,21900,40915,0.5352560185750947,0.5035617784328175
Kittitas,2011,22099,41271,0.535460735140898,0.8700965416106562
Kittitas,2012,22238,41410,0.5370200434677614,0.3367982360495263
Kittitas,2013,22428,41444,0.5411639803107808,0.08210577155276504
Kittitas,2014,22723,42088,0.539892605968447,1.553904063314352
Kittitas,2015,23044,42381,0.5437342205233477,0.6961604257745676
Kittitas,2016,23337,43263,0.5394216767214479,2.0811212571671267
Kittitas,2017,23625,43919,0.5379220838361529,1.5163072371310358
Kittitas,2018,23903,44395,0.5384164883432819,1.0838133837291377
Kittitas,2019,24348,45180,0.5389110225763613,1.7682171415699968
Kittitas,2020,23743,46468,0.5109537746406129,2.850818946436476
Kittitas,2021,24217,45225,0.535478164731896,-2.6749591116467246
Kittitas,2022,24753,47200,0.524427966101695,4.367053620784964
Kittitas,2023,24807,47300,0.52446088794926,0.211864406779661
Kittitas,2024,25606,48600,0.5268724279835391,2.748414376321353
Kittitas,2025,25769,48950,0.5264351378958121,0.720164609053498
Klickitat,1990,7213,16616,0.43409966297544533,
Klickitat,1991,7306,16770,0.4356589147286822,0.9268175252768416
Klickitat,1992,7371,16858,0.43724047929766285,0.5247465712581991
Klickitat,1993,7490,17067,0.4388586160426554,1.239767469450706
Klickitat,1994,7618,17295,0.440474125469789,1.335911407980313
Klickitat,1995,7783,17603,0.4421405442254161,1.7808615206707141
Klickitat,1996,7956,17926,0.44382461229499054,1.83491450320968
Klickitat,1997,8128,18244,0.4455163341372506,1.7739596117371415
Klickitat,1998,8306,18573,0.44720831314273407,1.8033326024994518
Klickitat,1999,8482,18894,0.4489255848417487,1.728315296397997
Klickitat,2000,8633,19161,0.4505505975679766,1.4131470308034295
Klickitat,2001,8772,19284,0.4548848786558805,0.6419289181149209
Klickitat,2002,8935,19364,0.46142325965709563,0.41485169052063886
Klickitat,2003,9120,19463,0.4685814108821867,0.5112580045445155
Klickitat,2004,9299,19652,0.4731833910034602,0.9710733186045317
Klickitat,2005,9478,19753,0.4798258492380904,0.513942601261958
Klickitat,2006,9669,19979,0.48395815606386705,1.1441300055687744
Klickitat,2007,9827,20108,0.48871096081161725,0.645677961859953
Klickitat,2008,9985,20216,0.4939157103284527,0.5370996618261389
Klickitat,2009,10091,20256,0.49817338072669826,0.19786307874950534
Klickitat,2010,9786,20318,0.48164189388719364,0.3060821484992101
Klickitat,2011,9866,20530,0.4805650267900633,1.0434097844276011
Klickitat,2012,9952,20677,0.48130773323015913,0.7160253287871408
Klickitat,2013,10034,20805,0.4822879115597212,0.6190453160516516
Klickitat,2014,10152,21031,0.48271599068042415,1.086277337178563
Klickitat,2015,10285,21210,0.48491277699198493,0.8511245304550425
Klickitat,2016,10430,21496,0.48520655005582436,1.3484205563413483
Klickitat,2017,10592,21804,0.4857824252430747,1.4328247115742463
Klickitat,2018,10738,22087,0.4861683343143025,1.2979269858741516
Klickitat,2019,10920,22443,0.48656596711669564,1.611807850771947
Klickitat,2020,10533,22735,0.46329447987684186,1.3010738314842043
Klickitat,2021,10689,23000,0.4647391304347826,1.165603694743787
Klickitat,2022,10868,23150,0.4694600431965443,0.6521739130434783
Klickitat,2023,11032,23250,0.474494623655914,0.4319654427645789
Klickitat,2024,11171,23450,0.4763752665245203,0.8602150537634409
Klickitat,2025,11264,23600,0.47728813559322036,0.6396588486140725
Lewis,1990,25487,59358,0.4293776744499478,
Lewis,1991,25761,59975,0.42952897040433513,1.0394555072610263
Lewis,1992,26066,60662,0.4296923939204115,1.1454772822009172
Lewis,1993,26447,61523,0.42987175527851373,1.4193399492268637
Lewis,1994,26860,62456,0.43006276418598693,1.5165060221380622
Lewis,1995,27468,63835,0.430296859089841,2.207954399897528
Lewis,1996,28002,65043,0.43051519763848534,1.8923787890655595
Lewis,1997,28506,66182,0.43072134417213137,1.7511492397337145
Lewis,1998,28922,67119,0.4309063007494152,1.4157928137560063
Lewis,1999,29240,67830,0.43107769423558895,1.0593125642515533
Lewis,2000,29585,68600,0.431268221574344,1.1351909184726523
Lewis,2001,30052,69372,0.43320071498587326,1.1253644314868805
Lewis,2002,30453,70098,0.4344346486347685,1.0465317419131637
Lewis,2003,30890,70395,0.43880957454364655,0.42369254472310197
Lewis,2004,31374,71063,0.44149557434952086,0.948931032033525
Lewis,2005,31964,71771,0.44536093965529255,0.9962990585818219
Lewis,2006,32583,73041,0.44609192097589023,1.769516935809728
Lewis,2007,33224,74026,0.44881528111744523,1.3485576593967772
Lewis,2008,33865,74843,0.45248052590088583,1.1036662794153405
Lewis,2009,34232,75305,0.45457804926631695,0.6172921983351817
Lewis,2010,34050,75455,0.45126234179312175,0.1991899608259744
Lewis,2011,34316,76299,0.44975687754754323,1.1185474786296468
Lewis,2012,34439,76765,0.4486289324561975,0.6107550557674413
Lewis,2013,34482,76966,0.448016007068056,0.26183807724874614
Lewis,2014,34706,77563,0.44745561672446915,0.7756671777148352
Lewis,2015,34779,78006,0.44585031920621493,0.5711486146745226
Lewis,2016,34900,78556,0.44426905646927034,0.7050739686690767
Lewis,2017,35173,79477,0.44255570794066207,1.1724120372727735
Lewis,2018,35342,80250,0.440398753894081,0.9726084275954049
Lewis,2019,35610,81151,0.4388115981318776,1.1227414330218068
Lewis,2020,35412,82149,0.431070372128693,1.2298061638180675
Lewis,2021,35788,82700,0.43274486094316805,0.6707324495733363
Lewis,2022,36166,83400,0.4336450839328537,0.8464328899637243
Lewis,2023,36613,84075,0.43548022598870056,0.8093525179856115
Lewis,2024,37099,84950,0.436715715126545,1.0407374368123699
Lewis,2025,37482,85550,0.43812974868497956,0.7062978222483813
Lincoln,1990,4607,8864,0.5197427797833934,
Lincoln,1991,4646,8939,0.5197449379125182,0.8461191335740073
Lincoln,1992,4664,8973,0.5197815669229912,0.38035574449043513
Lincoln,1993,4697,9036,0.519809650287738,0.7021063189568706
Lincoln,1994,4773,9181,0.5198780089314889,1.6046923417441346
Lincoln,1995,4851,9330,0.519935691318328,1.6229168935845768
Lincoln,1996,4925,9471,0.5200084468377151,1.5112540192926045
Lincoln,1997,5005,9623,0.5201080744050712,1.6048991658747755
Lincoln,1998,5118,9838,0.5202276885545842,2.234230489452354
Lincoln,1999,5214,10020,0.5203592814371257,1.8499695059971537
Lincoln,2000,5298,10184,0.5202278083267872,1.6367265469061876
Lincoln,2001,5345,10319,0.5179765481151274,1.3256087981146898
Lincoln,2002,5389,10277,0.5243748175537608,-0.4070161837387344
Lincoln,2003,5451,10155,0.5367799113737075,-1.1871168628977329
Lincoln,2004,5505,10305,0.5342066957787481,1.4771048744460855
Lincoln,2005,5572,10367,0.537474679270763,0.6016496846191169
Lincoln,2006,5660,10435,0.5424053665548635,0.655927462139481
Lincoln,2007,5738,10536,0.5446089597570235,0.967896502156205
Lincoln,2008,5827,10629,0.5482171417819174,0.8826879271070615
Lincoln,2009,5846,10624,0.5502635542168675,-0.04704111393357795
Lincoln,2010,5776,10570,0.5464522232734154,-0.5082831325301205
Lincoln,2011,5813,10598,0.5484997169277223,0.26490066225165565
Lincoln,2012,5838,10612,0.5501319261213721,0.13210039630118892
Lincoln,2013,5864,10576,0.5544629349470499,-0.3392385978137957
Lincoln,2014,5908,10569,0.5589932822405147,-0.0661875945537065
Lincoln,2015,5951,10610,0.5608859566446749,0.38792695619263884
Lincoln,2016,6005,10636,0.5645919518616022,0.24505183788878418
Lincoln,2017,6065,10694,0.5671404525902375,0.5453177886423468
Lincoln,2018,6125,10769,0.5687621877611663,0.7013278473910604
Lincoln,2019,6198,10850,0.5712442396313364,0.7521589748351751
Lincoln,2020,5732,10876,0.5270319970577418,0.23963133640552994
Lincoln,2021,5767,10900,0.5290825688073395,0.2206693637366679
Lincoln,2022,5900,11050,0.5339366515837104,1.3761467889908259
Lincoln,2023,5954,11125,0.535191011235955,0.6787330316742082
Lincoln,2024,6044,11300,0.5348672566371682,1.5730337078651686
Lincoln,2025,6098,11250,0.5420444444444444,-0.4424778761061947
Mason,1990,22292,38341,0.5814141519522182,
Mason,1991,22662,39473,0.5741139513084893,2.9524529876633365
Mason,1992,22975,40524,0.5669479814430954,2.6625794847110686
Mason,1993,23351,41693,0.560070035737414,2.884710295133748
Mason,1994,23751,42918,0.5534041660841605,2.938143093564867
Mason,1995,24134,44128,0.5469089920232052,2.8193298848967796
Mason,1996,24465,45261,0.5405315834824683,2.5675308194343724
Mason,1997,24765,46350,0.5343042071197411,2.40604493935176
Mason,1998,25049,47421,0.5282258914826764,2.3106796116504853
Mason,1999,25282,48410,0.5222474695310886,2.0855739018578268
Mason,2000,25515,49405,0.5164457038761259,2.055360462714315
Mason,2001,25875,49979,0.5177174413253567,1.161825726141079
Mason,2002,26281,50981,0.5155057766618937,2.0048420336541346
Mason,2003,26765,51963,0.5150780362950561,1.9262078029069656
Mason,2004,27332,53233,0.5134409107132794,2.4440467255547214
Mason,2005,27975,54739,0.5110615831491259,2.8290721920613153
Mason,2006,28798,56214,0.5122923115238197,2.6946053088291713
Mason,2007,29640,58066,0.5104536217407777,3.2945529583377806
Mason,2008,30306,59536,0.5090365493147003,2.5316019701718733
Mason,2009,30618,60237,0.5082922456297624,1.1774388605213653
Mason,2010,32518,60699,0.5357254649994234,0.7669704666567061
Mason,2011,32697,61235,0.533959336980485,0.8830458491902667
Mason,2012,32810,61611,0.5325347746343997,0.6140279252061729
Mason,2013,32905,61956,0.5311027180579766,0.5599649413254127
Mason,2014,33072,62366,0.5302889394862585,0.6617599586803538
Mason,2015,33210,62545,0.5309776960588376,0.28701536093384217
Mason,2016,33386,63125,0.5288871287128712,0.927332320729075
Mason,2017,33744,63889,0.5281660379721079,1.2102970297029703
Mason,2018,33990,64658,0.5256890098673018,1.2036500806085555
Mason,2019,34267,65082,0.5265203896622722,0.6557579881839833
Mason,2020,33269,65726,0.5061771597237015,0.989520912080145
Mason,2021,33581,65750,0.5107376425855513,0.036515229893801536
Mason,2022,33749,66200,0.5098036253776435,0.6844106463878328
Mason,2023,34159,67000,0.5098358208955224,1.2084592145015105
Mason,2024,34603,67475,0.5128269729529455,0.7089552238805971
Mason,2025,34683,67800,0.5115486725663717,0.48165987402741756
Okanogan,1990,16629,33350,0.4986206896551724,
Okanogan,1991,16811,33834,0.4968670568067624,1.4512743628185907
Okanogan,1992,17028,34388,0.4951727346748866,1.6374061594845422
Okanogan,1993,17274,35004,0.4934864586904354,1.7913225543794349
Okanogan,1994,17564,35709,0.4918647959898065,2.014055536510113
Okanogan,1995,17996,36702,0.4903275025884148,2.7808115601108963
Okanogan,1996,18329,37501,0.48876029972534063,2.176993079396218
Okanogan,1997,18628,38236,0.4871848519719636,1.959947734727074
Okanogan,1998,18756,38629,0.485541950348184,1.0278271785751647
Okanogan,1999,18905,39066,0.48392464035222443,1.1312744311268736
Okanogan,2000,19085,39564,0.482382974421191,1.2747657809860238
Okanogan,2001,19300,39828,0.48458370995279704,0.6672732787382469
Okanogan,2002,19477,39992,0.4870224044808962,0.41177061363864614
Okanogan,2003,19685,39994,0.49219882982447366,0.005001000200040008
Okanogan,2004,19893,40160,0.495343625498008,0.41506225933890084
Okanogan,2005,20133,40267,0.49998758288424766,0.26643426294820716
Okanogan,2006,20474,40656,0.5035911058638332,0.9660516055330668
Okanogan,2007,20571,40428,0.5088305135054912,-0.5608028335301062
Okanogan,2008,20797,40589,0.5123802015324349,0.3982388443652914
Okanogan,2009,21112,40968,0.5153290372974029,0.9337505235408609
Okanogan,2010,22245,41120,0.5409776264591439,0.3710212849052919
Okanogan,2011,22405,41274,0.5428356834811261,0.3745136186770428
Okanogan,2012,22551,41324,0.5457119349530539,0.12114163880408975
Okanogan,2013,22656,41396,0.5472992559667601,0.17423289129803504
Okanogan,2014,22800,41547,0.5487760849158784,0.3647695429510098
Okanogan,2015,22936,41625,0.551015015015015,0.18773918694490577
Okanogan,2016,23075,41795,0.552099533437014,0.4084084084084084
Okanogan,2017,23221,41838,0.5550217505616903,0.10288311999042947
Okanogan,2018,23361,41928,0.5571694333142531,0.21511544528897175
Okanogan,2019,23500,41996,0.5595771025811982,0.16218278954398013
Okanogan,2020,21720,42104,0.5158654759642789,0.25716734927135915
Okanogan,2021,21887,42350,0.5168122786304604,0.5842675280258408
Okanogan,2022,22098,42700,0.5175175644028103,0.8264462809917356
Okanogan,2023,22309,43000,0.5188139534883721,0.702576112412178
Okanogan,2024,22448,43200,0.5196296296296297,0.46511627906976744
Okanogan,2025,22573,43400,0.5201152073732719,0.4629629629629629
Pacific,1990,12404,18882,0.6569219362355683,
Pacific,1991,12514,19024,0.6578006728343145,0.7520389789217244
Pacific,1992,12662,19221,0.6587586493938921,1.035534062237174
Pacific,1993,12831,19449,0.6597254357550517,1.1862025909161853
Pacific,1994,13016,19700,0.6607106598984771,1.2905547843076763
Pacific,1995,13228,19990,0.6617308654327163,1.4720812182741116
Pacific,1996,13414,20240,0.6627470355731225,1.250625312656328
Pacific,1997,13553,20420,0.6637120470127326,0.8893280632411068
Pacific,1998,13730,20655,0.6647300895666909,1.1508325171400589
Pacific,1999,13862,20823,0.6657061902703741,0.8133623819898329
Pacific,2000,13991,20984,0.6667460922607701,0.7731834990155116
Pacific,2001,14114,20950,0.6736992840095465,-0.16202821197102554
Pacific,2002,14200,20873,0.6803046998514828,-0.36754176610978523
Pacific,2003,14284,20661,0.6913508542664925,-1.0156661716092559
Pacific,2004,14430,20662,0.6983835059529572,0.00484003678427956
Pacific,2005,14602,20675,0.7062636033857316,0.06291743296873488
Pacific,2006,14882,20905,0.7118871083472853,1.1124546553808947
Pacific,2007,14933,20790,0.7182780182780183,-0.5501076297536475
Pacific,2008,15101,20751,0.7277239651101152,-0.18759018759018758
Pacific,2009,15276,20888,0.7313289927230946,0.6602091465471543
Pacific,2010,15547,20920,0.7431644359464628,0.15319800842589046
Pacific,2011,15604,21123,0.7387208256402973,0.9703632887189293
Pacific,2012,15660,21351,0.7334551074891106,1.0793921317994604
Pacific,2013,15707,21563,0.7284236887260586,0.9929277317221676
Pacific,2014,15776,21771,0.7246336870148362,0.9646153132680981
Pacific,2015,15818,21981,0.7196214912879305,0.964585917045611
Pacific,2016,15883,22236,0.7142921388738982,1.160092807424594
Pacific,2017,15973,22479,0.7105743138039948,1.0928224500809498
Pacific,2018,16053,22738,0.7059987685812297,1.1521864851639307
Pacific,2019,16131,22958,0.7026308911926126,0.967543319553171
Pacific,2020,16034,23365,0.6862401027177402,1.7728025089293493
Pacific,2021,16130,23425,0.6885805763073639,0.25679435052428845
Pacific,2022,16284,23600,0.69,0.7470651013874066
Pacific,2023,16428,23775,0.6909779179810726,0.7415254237288136
Pacific,2024,16575,23950,0.6920668058455115,0.7360672975814931
Pacific,2025,16682,23950,0.6965344467640918,0.0
Pend Oreille,1990,5404,8915,0.6061693774537297,
Pend Oreille,1991,5505,9154,0.6013764474546647,2.680874929893438
Pend Oreille,1992,5580,9353,0.5966000213835133,2.1739130434782608
Pend Oreille,1993,5700,9627,0.5920847616079775,2.929541323639474
Pend Oreille,1994,5828,9918,0.5876184714660214,3.022748519788096
Pend Oreille,1995,5989,10267,0.583325216713743,3.518854607783827
Pend Oreille,1996,6127,10579,0.5791662728046129,3.038862374598227
Pend Oreille,1997,6243,10857,0.5750207239568942,2.627847622648644
Pend Oreille,1998,6365,11146,0.5710568813924278,2.6618771299622366
Pend Oreille,1999,6482,11429,0.5671537317350599,2.539027453795083
Pend Oreille,2000,6608,11732,0.5632458233890215,2.6511505818531806
Pend Oreille,2001,6718,11913,0.5639217661378326,1.5427889532901466
Pend Oreille,2002,6809,12013,0.5668026304836428,0.8394191219675985
Pend Oreille,2003,6914,12123,0.5703208776705436,0.9156746857570964
Pend Oreille,2004,7003,12191,0.5744401607743417,0.5609172647034563
Pend Oreille,2005,7126,12337,0.5776120612790792,1.1976047904191618
Pend Oreille,2006,7233,12464,0.5803112965340179,1.0294236848504499
Pend Oreille,2007,7386,12694,0.581849692768237,1.845314505776637
Pend Oreille,2008,7516,12844,0.5851759576455933,1.1816606270679062
Pend Oreille,2009,7615,12940,0.5884853168469861,0.747430706944877
Pend Oreille,2010,7936,13001,0.6104145834935775,0.47140649149922714
Pend Oreille,2011,7994,13063,0.6119574370359029,0.4768863933543574
Pend Oreille,2012,8050,13107,0.614175631342031,0.3368292122789558
Pend Oreille,2013,8083,13111,0.6165052246205477,0.030518043793392843
Pend Oreille,2014,8119,13141,0.6178373030971768,0.22881549843642743
Pend Oreille,2015,8171,13150,0.6213688212927757,0.06848793851305075
Pend Oreille,2016,8218,13180,0.6235204855842185,0.22813688212927757
Pend Oreille,2017,8254,13228,0.6239794375566979,0.3641881638846738
Pend Oreille,2018,8308,13267,0.6262154217230723,0.29482915028726947
Pend Oreille,2019,8368,13326,0.6279453699534744,0.4447124444109445
Pend Oreille,2020,7938,13401,0.5923438549361988,0.5628095452498875
Pend Oreille,2021,7999,13475,0.5936178107606679,0.5521975971942392
Pend Oreille,2022,8086,13625,0.5934678899082568,1.1131725417439702
Pend Oreille,2023,8171,13725,0.5953369763205829,0.7339449541284404
Pend Oreille,2024,8256,13850,0.596101083032491,0.9107468123861567
Pend Oreille,2025,8322,13950,0.5965591397849462,0.7220216606498195
Pierce,1990,228842,586203,0.3903801242914144,
Pierce,1991,233811,598065,0.3909458002056633,2.0235310975890606
Pierce,1992,239065,610619,0.39151254710384054,2.0991029403158517
Pierce,1993,244536,623697,0.39207499795573814,2.1417610654106736
Pierce,1994,250022,636802,0.3926212543302314,2.1011805411922775
Pierce,1995,255258,649284,0.3931376716506182,1.9601069092119685
Pierce,1996,257014,653212,0.3934618469960748,0.6049740945410637
Pierce,1997,261595,664070,0.3939268450615146,1.662247478613375
Pierce,1998,266474,675651,0.3943959233391203,1.7439426566476426
Pierce,1999,272030,688884,0.39488506047462274,1.958555526447826
Pierce,2000,277060,700818,0.3953380192860343,1.7323671329280401
Pierce,2001,281803,709288,0.3973040570262009,1.2085876789694328
Pierce,2002,287828,721124,0.3991380123252034,1.6687156697984458
Pierce,2003,293055,731969,0.4003653160174816,1.5039022415007681
Pierce,2004,299106,743701,0.4021858246795419,1.602800118584257
Pierce,2005,305071,756919,0.4030431261469193,1.7773271785300815
Pierce,2006,312487,774050,0.40370389509721594,2.263254060209877
Pierce,2007,319373,786911,0.4058565708193176,1.661520573606356
Pierce,2008,323884,794330,0.4077448919214936,0.9428003929288064
Pierce,2009,326768,796900,0.4100489396411093,0.32354311180491735
Pierce,2010,325375,795225,0.4091609292967399,-0.21018948425147446
Pierce,2011,327375,806190,0.406076731291631,1.3788550410261247
Pierce,2012,329157,814214,0.4042634982940603,0.9952988749550353
Pierce,2013,331860,823032,0.40321639984836555,1.0830076613764932
Pierce,2014,335161,834544,0.40160974136774097,1.3987305475364262
Pierce,2015,338304,845324,0.4002063114261514,1.2917233842673363
Pierce,2016,341404,862608,0.3957811659525532,2.044659799082955
Pierce,2017,345681,877920,0.39375,1.775082076679094
Pierce,2018,349424,891661,0.3918798736291034,1.5651767814835065
Pierce,2019,353085,905841,0.38978694936528596,1.5902904803507163
Pierce,2020,359489,920393,0.39058206657373534,1.6064629443798637
Pierce,2021,364139,928200,0.3923066149536738,0.8482246170929156
Pierce,2022,368395,937400,0.3929965863025389,0.9911656970480499
Pierce,2023,372022,946300,0.393133255838529,0.9494346063580116
Pierce,2024,376925,952600,0.3956802435439849,0.6657508189791821
Pierce,2025,381004,959900,0.396920512553391,0.7663237455385261
San Juan,1990,6075,10035,0.6053811659192825,
San Juan,1991,6619,10783,0.6138365946397106,7.453911310413552
San Juan,1992,7080,11379,0.6221987872396519,5.527218770286562
San Juan,1993,7599,12049,0.630674744792099,5.888039370770718
San Juan,1994,7931,12409,0.6391328874204206,2.9877998174122333
San Juan,1995,8256,12747,0.6476818074841139,2.7238294786042387
San Juan,1996,8422,12833,0.6562767864100366,0.6746685494626187
San Juan,1997,8612,12949,0.6650706618271681,0.9039195823268138
San Juan,1998,8790,13042,0.6739763839901856,0.7182021777743455
San Juan,1999,9229,13506,0.6833259292166445,3.557736543474927
San Juan,2000,9752,14077,0.6927612417418484,4.227750629349918
San Juan,2001,10050,14402,0.6978197472573253,2.3087305533849545
San Juan,2002,10302,14664,0.7025368248772504,1.8191917789195946
San Juan,2003,10493,14772,0.7103303547251557,0.7364975450081833
San Juan,2004,10692,14935,0.7159022430532307,1.1034389385323586
San Juan,2005,10915,15180,0.719038208168643,1.6404419149648477
San Juan,2006,11136,15379,0.7241042980687951,1.3109354413702239
San Juan,2007,11323,15483,0.7313182199832073,0.6762468300929839
San Juan,2008,11514,15634,0.7364717922476653,0.9752631918878769
San Juan,2009,11679,15738,0.742089210827297,0.6652168351029807
San Juan,2010,13313,15769,0.8442513792884774,0.19697547337654084
San Juan,2011,13408,15946,0.8408378276683808,1.1224554505675695
San Juan,2012,13482,16056,0.8396860986547086,0.6898281700739998
San Juan,2013,13576,16238,0.8360635546249539,1.1335326357747884
San Juan,2014,13683,16422,0.8332115454877603,1.13314447592068
San Juan,2015,13753,16571,0.8299438778589101,0.9073194495189381
San Juan,2016,13856,16775,0.8259910581222056,1.2310663206807073
San Juan,2017,13943,16932,0.8234703519962202,0.9359165424739196
San Juan,2018,14060,17209,0.8170143529548493,1.6359555870540987
San Juan,2019,14205,17488,0.8122712717291857,1.6212446975419836
San Juan,2020,13772,17788,0.7742298178547335,1.715462031107045
San Juan,2021,13859,17850,0.7764145658263305,0.3485495839892062
San Juan,2022,14070,18150,0.775206611570248,1.680672268907563
San Juan,2023,14254,18350,0.7767847411444142,1.1019283746556474
San Juan,2024,14343,18475,0.7763464140730717,0.6811989100817438
San Juan,2025,14403,18550,0.7764420485175202,0.40595399188092013
Skagit,1990,33575,79545,0.4220881262178641,
Skagit,1991,34896,82803,0.42143400601427483,4.095794833113333
Skagit,1992,35766,85023,0.4206626442256801,2.6810622803521613
Skagit,1993,36764,87550,0.4199200456881782,2.9721369511779163
Skagit,1994,37776,90120,0.4191744340878828,2.9354654483152482
Skagit,1995,38757,92627,0.4184201150852343,2.7818464269862404
Skagit,1996,39584,94781,0.41763644612316814,2.3254558606022
Skagit,1997,40414,96950,0.4168540484785972,2.288433335795149
Skagit,1998,41084,98750,0.41604050632911393,1.8566271273852502
Skagit,1999,41697,100421,0.4152219157347567,1.692151898734177
Skagit,2000,42681,102979,0.414463142970897,2.5472759681739876
Skagit,2001,43363,104246,0.41596799877213514,1.230347935015877
Skagit,2002,44239,105861,0.41789705368360397,1.5492201139612072
Skagit,2003,45186,106647,0.4236968691102422,0.742483067418596
Skagit,2004,45955,108494,0.4235718104226962,1.7318818157097717
Skagit,2005,46709,109977,0.42471607699791775,1.366895865209136
Skagit,2006,47703,112113,0.42549035348264697,1.942224283259227
Skagit,2007,48618,113890,0.4268855913600843,1.5850079830171344
Skagit,2008,49454,115422,0.42846251147961395,1.3451576082184564
Skagit,2009,49996,116612,0.4287380372517408,1.0309992895635147
Skagit,2010,51473,116901,0.44031274326139214,0.24783041196446334
Skagit,2011,51731,117617,0.4398258755111931,0.6124840677154173
Skagit,2012,51901,118331,0.43860864862124044,0.6070551025787089
Skagit,2013,52218,119219,0.43800065425813,0.7504373325671211
Skagit,2014,52501,120197,0.4367912676689102,0.8203390399181338
Skagit,2015,52710,121166,0.4350230262614925,0.806176526868391
Skagit,2016,53059,122465,0.4332584820152697,1.0720829275539343
Skagit,2017,53510,123727,0.4324844213469978,1.030498509778304
Skagit,2018,53974,125895,0.42872234798840303,1.75224486167126
Skagit,2019,54473,128037,0.4254473316307005,1.701417848206839
Skagit,2020,55744,129523,0.43037916045798813,1.1606020134804784
Skagit,2021,56101,130000,0.43154615384615386,0.3682743605382828
Skagit,2022,56628,131250,0.4314514285714286,0.9615384615384616
Skagit,2023,57047,132000,0.4321742424242424,0.5714285714285714
Skagit,2024,57797,133300,0.43358589647411855,0.9848484848484848
Skagit,2025,58362,134600,0.4335958395245171,0.9752438109527383
Skamania,1990,3922,8289,0.47315719628423214,
Skamania,1991,4028,8532,0.47210501640881386,2.9315960912052117
Skamania,1992,4063,8625,0.47107246376811596,1.090014064697609
Skamania,1993,4106,8736,0.4700091575091575,1.2869565217391303
Skamania,1994,4178,8908,0.4690166142792995,1.9688644688644688
Skamania,1995,4239,9057,0.4680357734349122,1.6726537943421642
Skamania,1996,4314,9236,0.46708531831961886,1.9763718670641492
Skamania,1997,4383,9402,0.46617740906190175,1.797314854915548
Skamania,1998,4447,9558,0.46526469972797657,1.6592214422463305
Skamania,1999,4525,9744,0.46438834154351394,1.94601381042059
Skamania,2000,4576,9872,0.46353322528363045,1.3136288998357963
Skamania,2001,4645,9941,0.46725681520973744,0.6989465153970826
Skamania,2002,4723,10045,0.4701841712294674,1.046172417261845
Skamania,2003,4809,10117,0.47533853909261636,0.7167745146839224
Skamania,2004,4934,10284,0.47977440684558537,1.650686962538302
Skamania,2005,5062,10515,0.4814075130765573,2.2462077012835473
Skamania,2006,5239,10777,0.48612786489746684,2.4916785544460294
Skamania,2007,5326,10892,0.48898273962541317,1.0670873155794747
Skamania,2008,5409,10941,0.4943789415958322,0.4498714652956298
Skamania,2009,5460,10995,0.4965893587994543,0.4935563476830271
Skamania,2010,5628,11066,0.5085848545093078,0.6457480673033197
Skamania,2011,5663,11095,0.510410094637224,0.2620639797578167
Skamania,2012,5719,11152,0.5128228120516499,0.5137449301487156
Skamania,2013,5746,11166,0.5145978864409816,0.1255380200860832
Skamania,2014,5788,11191,0.5172013224912877,0.22389396381873547
Skamania,2015,5824,11209,0.5195824783655991,0.16084353498346887
Skamania,2016,5880,11256,0.5223880597014925,0.4193059148898207
Skamania,2017,5939,11331,0.5241373223899038,0.6663113006396588
Skamania,2018,6000,11412,0.5257623554153522,0.7148530579825259
Skamania,2019,6076,11517,0.5275679430407224,0.9200841219768665
Skamania,2020,5794,11604,0.4993105825577387,0.7554050533993227
Skamania,2021,5886,11750,0.5009361702127659,1.2581868321268528
Skamania,2022,6014,11900,0.5053781512605042,1.276595744680851
Skamania,2023,6111,12000,0.50925,0.8403361344537815
Skamania,2024,6153,12075,0.5095652173913043,0.625
Skamania,2025,6204,12150,0.5106172839506172,0.6211180124223602
Snohomish,1990,183938,465628,0.39503208569931364,
Snohomish,1991,192568,488075,0.3945459201966911,4.820801154569743
Snohomish,1992,195571,496461,0.3939302382261648,1.7181785586231624
Snohomish,1993,199560,507336,0.39334878660296135,2.190504390072936
Snohomish,1994,204238,519960,0.39279559966151245,2.4882917829604048
Snohomish,1995,208557,531704,0.3922426763763297,2.258635279636895
Snohomish,1996,212586,542738,0.39169175550634006,2.0752147811564328
Snohomish,1997,216930,554585,0.3911573518937584,2.182821177068862
Snohomish,1998,223036,570896,0.3906771110675149,2.941118133379013
Snohomish,1999,229946,589266,0.39022444872095113,3.2177489420139573
Snohomish,2000,236205,606024,0.38976179161221336,2.8438769587928032
Snohomish,2001,241467,617864,0.3908093043129232,1.953718004567476
Snohomish,2002,246812,629287,0.3922089602995136,1.848788730206
Snohomish,2003,251964,639942,0.3937294317297505,1.6931860979171667
Snohomish,2004,256654,648778,0.3955960282253714,1.3807501304805747
Snohomish,2005,261762,661346,0.3958018949233835,1.9371803606164206
Snohomish,2006,267697,676126,0.3959276821184217,2.2348362279351504
Snohomish,2007,273241,689314,0.3963955468770401,1.9505240147546465
Snohomish,2008,277565,699330,0.39690131983469895,1.4530388183034146
Snohomish,2009,280718,705894,0.397677271658351,0.9386126721290378
Snohomish,2010,286659,713335,0.40185747229562546,1.054124273616152
Snohomish,2011,288520,718874,0.4013498888539577,0.7764935128656242
Snohomish,2012,290714,725545,0.4006836240343466,0.9279790338779814
Snohomish,2013,293600,735288,0.39929932217036046,1.3428526142417079
Snohomish,2014,297426,746184,0.3985960567366762,1.4818683291444985
Snohomish,2015,300707,760430,0.39544336756834947,1.9091805774447055
Snohomish,2016,304394,773899,0.3933252271937294,1.7712346961587522
Snohomish,2017,307950,787096,0.39124833565410067,1.7052612808648158
Snohomish,2018,312718,801223,0.3903008276097915,1.7948255358939698
Snohomish,2019,316948,814419,0.38917068486859957,1.6469821759984424
Snohomish,2020,321523,827957,0.3883329689826887,1.662289312994908
Snohomish,2021,326723,837800,0.38997732155645737,1.1888298546905214
Snohomish,2022,331191,847300,0.39087808332349816,1.13392217713058
Snohomish,2023,336688,859800,0.3915887415678065,1.4752744010385932
Snohomish,2024,341276,867100,0.3935832083958021,0.8490346592230752
Snohomish,2025,345122,873800,0.3949668116273747,0.7726905777880291
Spokane,1990,150080,361333,0.4153509366706058,
Spokane,1991,152069,365887,0.41561739006851844,1.2603332659900979
Spokane,1992,154366,371147,0.4159160656020391,1.4376023198419183
Spokane,1993,156933,377020,0.416245822502785,1.5823918824616663
Spokane,1994,159998,384035,0.4166234848386215,1.8606439976659062
Spokane,1995,163187,391318,0.41701889511854806,1.8964417305714323
Spokane,1996,165912,397508,0.4173802791390362,1.5818337004686724
Spokane,1997,168755,403954,0.41775796254028924,1.6216025840989363
Spokane,1998,170887,408740,0.4180823995694084,1.1847883669922814
Spokane,1999,173085,413665,0.4184182853274993,1.2049224445858002
Spokane,2000,175005,417939,0.4187333558246538,1.0332031958227068
Spokane,2001,176623,423127,0.4174231377340609,1.2413294763111362
Spokane,2002,178813,428755,0.4170516961901319,1.3300971103238508
Spokane,2003,181040,428889,0.42211388028137814,0.031253279845133
Spokane,2004,183390,431905,0.42460726317129927,0.7032122530538204
Spokane,2005,186451,438249,0.42544535184335847,1.4688415276507565
Spokane,2006,190393,446751,0.4261725211583186,1.9399930176680382
Spokane,2007,193512,454034,0.42620596695401664,1.6302145938117654
Spokane,2008,196219,460303,0.42628225321147156,1.3807336014483498
Spokane,2009,198672,466426,0.4259453804033223,1.330210752482604
Spokane,2010,201434,471221,0.4274724598436827,1.0280301698447343
Spokane,2011,202492,474439,0.4268030242033222,0.682906746515966
Spokane,2012,203900,478381,0.42622930258517794,0.8308760451817832
Spokane,2013,205475,484161,0.42439395159874505,1.208241966131598
Spokane,2014,207367,489986,0.42321005089941344,1.2031121878879134
Spokane,2015,209317,495986,0.4220219925562415,1.22452478234072
Spokane,2016,211367,502706,0.42045847871320413,1.354876952172037
Spokane,2017,214328,511653,0.41889327337081966,1.7797678961460575
Spokane,2018,217805,522337,0.4169817569883045,2.0881339501576264
Spokane,2019,220737,531191,0.41555109179184135,1.6950742528291123
Spokane,2020,224019,539339,0.4153584294849807,1.5339115308806062
Spokane,2021,226818,542100,0.41840619811842833,0.5119229278802386
Spokane,2022,230091,550700,0.41781550753586344,1.5864231691569821
Spokane,2023,232843,554600,0.41983952398124774,0.7081895769021246
Spokane,2024,235498,559400,0.4209831962817304,0.865488640461594
Spokane,2025,239359,566000,0.42289575971731447,1.1798355380765104
Stevens,1990,14601,30948,0.4717913920124079,
Stevens,1991,14801,31617,0.4681342315842743,2.1616905777433115
Stevens,1992,15024,32339,0.46457837286248804,2.283581617484265
Stevens,1993,15333,33250,0.46114285714285713,2.8170320665450386
Stevens,1994,15679,34250,0.4577810218978102,3.007518796992481
Stevens,1995,16147,35523,0.45455057286828254,3.716788321167883
Stevens,1996,16476,36504,0.45134779750164367,2.761591081834305
Stevens,1997,16766,37405,0.44822884641090766,2.4682226605303526
Stevens,1998,17029,38253,0.4451676992654171,2.26707659403823
Stevens,1999,17299,39122,0.4421808700986657,2.271717250934567
Stevens,2000,17599,40066,0.43925023710877054,2.4129645723633764
Stevens,2001,17829,40331,0.442066896432025,0.6614086756851195
Stevens,2002,18040,40611,0.4442146216542316,0.6942550395477425
Stevens,2003,18308,40960,0.44697265625,0.8593730762601266
Stevens,2004,18591,41333,0.4497858853700433,0.9106445312499999
Stevens,2005,18862,41792,0.45133039816232773,1.1104928265550529
Stevens,2006,19234,42355,0.454114036123244,1.347147779479326
Stevens,2007,19521,42759,0.4565354662176384,0.9538425215440917
Stevens,2008,19876,43283,0.4592103135180094,1.2254729998362917
Stevens,2009,20096,43510,0.4618708342909676,0.5244553288820091
Stevens,2010,21156,43531,0.48599848383910316,0.048264766720294186
Stevens,2011,21242,43781,0.48518763847331037,0.5743033700121752
Stevens,2012,21302,43976,0.4844005821357104,0.44539868892898743
Stevens,2013,21348,44135,0.48369774555341566,0.36156085137347643
Stevens,2014,21486,44485,0.48299426773069576,0.7930214115781126
Stevens,2015,21564,44729,0.4821033334078562,0.548499494211532
Stevens,2016,21604,44908,0.4810724147145275,0.40018779762570145
Stevens,2017,21695,45161,0.4803923739509754,0.5633740090852409
Stevens,2018,21855,45592,0.4793604141077382,0.9543632780496447
Stevens,2019,22070,46111,0.47862765934375745,1.1383576065976488
Stevens,2020,22242,46445,0.47888900850468297,0.7243390947929995
Stevens,2021,22425,46725,0.4799357945425361,0.6028636021100227
Stevens,2022,22539,47050,0.47904357066950054,0.6955591225254146
Stevens,2023,22758,47350,0.4806335797254488,0.6376195536663124
Stevens,2024,22910,47650,0.480797481636936,0.6335797254487857
Stevens,2025,23007,47800,0.48131799163179917,0.3147953830010493
Thurston,1990,66464,161238,0.41221052109304257,
Thurston,1991,69217,167663,0.4128340778824189,3.984792666741091
Thurston,1992,71279,172425,0.4133913295635784,2.8402211579179664
Thurston,1993,73293,177058,0.413949101424392,2.686965347252429
Thurston,1994,75323,181715,0.4145117354098451,2.630211569090355
Thurston,1995,77379,186419,0.4150810807911211,2.588669069697053
Thurston,1996,79139,190409,0.4156263621992658,2.1403397722335167
Thurston,1997,80922,194440,0.4161797983953919,2.117021779432695
Thurston,1998,82695,198435,0.41673595887822207,2.054618391277515
Thurston,1999,84786,203167,0.417321710710893,2.3846599642200217
Thurston,2000,86652,207355,0.41789202093028865,2.061358389895997
Thurston,2001,87723,210102,0.4175257731958763,1.3247811723855225
Thurston,2002,89440,214139,0.417672633196195,1.9214476777945948
Thurston,2003,91209,218264,0.4178838470842649,1.9263188863308411
Thurston,2004,93238,223065,0.4179857888956134,2.1996298061063664
Thurston,2005,95910,229286,0.41829854417626894,2.7888731983950867
Thurston,2006,98376,234083,0.4202611894071761,2.0921469256736125
Thurston,2007,101293,239570,0.42281170430354387,2.344040361752028
Thurston,2008,104237,244853,0.4257125703993825,2.205200985098301
Thurston,2009,105694,249336,0.42390188340231655,1.8308944550403712
Thurston,2010,108182,252264,0.42884438524720137,1.1743189912407355
Thurston,2011,109218,254999,0.4283075619904392,1.0841816509688262
Thurston,2012,110365,258517,0.4269158314540243,1.3796132533853074
Thurston,2013,111808,262682,0.42564012760676406,1.6111126154179416
Thurston,2014,113266,267616,0.4232407628841325,1.878316748007096
Thurston,2015,114386,271409,0.42145249420616115,1.4173293076647138
Thurston,2016,115753,276016,0.41937061619616256,1.6974381837006143
Thurston,2017,117071,280399,0.4175157543357858,1.5879514231059069
Thurston,2018,118694,285842,0.41524338620636575,1.9411624149872144
Thurston,2019,119937,289597,0.4141513896898103,1.3136627927316489
Thurston,2020,121438,294793,0.41194329580417444,1.7942174815346843
Thurston,2021,123440,297800,0.4145063801208865,1.0200377892283738
Thurston,2022,124606,300500,0.4146622296173045,0.9066487575554063
Thurston,2023,126074,303400,0.4155372445616348,0.9650582362728786
Thurston,2024,127827,307000,0.41637459283387623,1.186552406064601
Thurston,2025,128917,309100,0.41707214493691364,0.6840390879478827
Wahkiakum,1990,1496,3327,0.4496543432521791,
Wahkiakum,1991,1511,3347,0.4514490588586794,0.6011421701232341
Wahkiakum,1992,1522,3358,0.4532459797498511,0.32865252464893935
Wahkiakum,1993,1557,3420,0.45526315789473687,1.846337105419893
Wahkiakum,1994,1592,3482,0.45720850086157383,1.8128654970760234
Wahkiakum,1995,1628,3546,0.45910885504794136,1.8380241240666284
Wahkiakum,1996,1667,3615,0.46113416320885203,1.94585448392555
Wahkiakum,1997,1693,3656,0.46307439824945296,1.1341632088520055
Wahkiakum,1998,1717,3693,0.46493365827240724,1.012035010940919
Wahkiakum,1999,1755,3758,0.46700372538584356,1.7600866504197128
Wahkiakum,2000,1792,3824,0.4686192468619247,1.7562533262373603
Wahkiakum,2001,1818,3831,0.4745497259201253,0.18305439330543932
Wahkiakum,2002,1836,3825,0.48,-0.15661707126076743
Wahkiakum,2003,1864,3833,0.48630315679624314,0.20915032679738566
Wahkiakum,2004,1895,3826,0.4952953476215369,-0.1826245760500913
Wahkiakum,2005,1925,3867,0.49780191362813553,1.0716152639832723
Wahkiakum,2006,1969,3912,0.503323108384458,1.1636927851047323
Wahkiakum,2007,2027,3963,0.51148120111027,1.303680981595092
Wahkiakum,2008,2081,4005,0.5196004993757802,1.0598031794095382
Wahkiakum,2009,2106,4003,0.5261054209342992,-0.049937578027465665
Wahkiakum,2010,2067,3978,0.5196078431372549,-0.6245316012990257
Wahkiakum,2011,2080,4018,0.5176704828272772,1.0055304172951232
Wahkiakum,2012,2092,4050,0.5165432098765432,0.7964161274265804
Wahkiakum,2013,2099,4053,0.5178879842092278,0.07407407407407407
Wahkiakum,2014,2115,4099,0.5159795071968772,1.1349617567234147
Wahkiakum,2015,2127,4128,0.5152616279069767,0.7074896316174677
Wahkiakum,2016,2146,4179,0.5135199808566643,1.2354651162790697
Wahkiakum,2017,2165,4227,0.5121835817364561,1.148600143575018
Wahkiakum,2018,2191,4293,0.5103657116235732,1.5613910574875798
Wahkiakum,2019,2207,4373,0.5046878573061971,1.863498718844631
Wahkiakum,2020,2189,4422,0.49502487562189057,1.1205122341641893
Wahkiakum,2021,2218,4475,0.4956424581005587,1.1985526910900044
Wahkiakum,2022,2240,4525,0.4950276243093923,1.1173184357541899
Wahkiakum,2023,2280,4550,0.5010989010989011,0.5524861878453038
Wahkiakum,2024,2286,4550,0.5024175824175824,0.0
Wahkiakum,2025,2299,4550,0.5052747252747253,0.0
Walla Walla,1990,19029,48439,0.39284460868308596,
Walla Walla,1991,19117,48817,0.3916053833705471,0.7803629306963397
Walla Walla,1992,19276,49361,0.39051072709223883,1.1143658971260013
Walla Walla,1993,19482,50015,0.38952314305708285,1.3249326391280565
Walla Walla,1994,19726,50761,0.388605425425031,1.4915525342397282
Walla Walla,1995,19950,51461,0.38767221779600086,1.3790114457950002
Walla Walla,1996,20173,52162,0.38673747172271,1.3621966149122637
Walla Walla,1997,20466,53029,0.3859397688057478,1.6621295195736359
Walla Walla,1998,20786,53962,0.38519699047477857,1.7594146599030718
Walla Walla,1999,20935,54496,0.38415663534938344,0.9895852637040881
Walla Walla,2000,21147,55180,0.38323667995650595,1.2551379917792131
Walla Walla,2001,21267,55102,0.3859569525607056,-0.14135556361000362
Walla Walla,2002,21434,55242,0.38800188262553853,0.25407426227723134
Walla Walla,2003,21664,55560,0.38992080633549314,0.575648962745737
Walla Walla,2004,21999,56167,0.39167126604589886,1.0925125989920805
Walla Walla,2005,22541,57005,0.39542145425839836,1.4919792760873825
Walla Walla,2006,22799,57224,0.3984167482175311,0.3841768265941584
Walla Walla,2007,23032,57754,0.3987948886657201,0.9261848175590661
Walla Walla,2008,23256,58063,0.40053045829529993,0.5350278768570143
Walla Walla,2009,23442,58561,0.4003005413158928,0.8576890618810602
Walla Walla,2010,23451,58781,0.3989554447865807,0.37567664486603713
Walla Walla,2011,23537,58871,0.3998063562704897,0.1531106990354026
Walla Walla,2012,23854,59309,0.40219865450437536,0.7439995923289905
Walla Walla,2013,24000,59640,0.4024144869215292,0.5580940498069433
Walla Walla,2014,24229,60459,0.400750922112506,1.3732394366197185
Walla Walla,2015,24386,61036,0.3995347008322957,0.9543657685373559
Walla Walla,2016,24557,61045,0.40227700876402656,0.014745396159643489
Walla Walla,2017,24705,61428,0.4021781597968353,0.6274060119583914
Walla Walla,2018,24848,61663,0.40296450059192707,0.3825616982483558
Walla Walla,2019,25040,62117,0.4031102596712655,0.7362599938374714
Walla Walla,2020,24971,62584,0.3989997443436022,0.7518070737479273
Walla Walla,2021,25079,62100,0.4038486312399356,-0.7733606033490988
Walla Walla,2022,25379,62625,0.40525349301397207,0.8454106280193237
Walla Walla,2023,25712,63100,0.40748019017432646,0.7584830339321358
Walla Walla,2024,25843,63375,0.4077790927021696,0.4358161648177496
Walla Walla,2025,26008,63800,0.4076489028213166,0.6706114398422091
Whatcom,1990,55742,127780,0.4362341524495226,
Whatcom,1991,57993,132669,0.4371254776926034,3.8261073720457035
Whatcom,1992,60353,137791,0.43800393349347927,3.8607361177064723
Whatcom,1993,61970,141270,0.43866355206342467,2.524838342126844
Whatcom,1994,64183,146056,0.43944103631483816,3.387838890068663
Whatcom,1995,65990,149942,0.4401035066892532,2.6606233225612095
Whatcom,1996,67933,154122,0.44077419187397,2.7877445945765698
Whatcom,1997,69318,157071,0.4413163473843039,1.913419239303928
Whatcom,1998,71000,160667,0.4419077968717907,2.289410521356584
Whatcom,1999,72461,163774,0.4424450767521096,1.9338134153248647
Whatcom,2000,73897,166826,0.4429585316437486,1.8635436638294236
Whatcom,2001,75621,170980,0.442279798806878,2.4900195413184996
Whatcom,2002,77078,174238,0.442371928052434,1.9054860217569307
Whatcom,2003,78706,175984,0.4472338394399491,1.0020776179708215
Whatcom,2004,80649,180245,0.4474409831063275,2.421242840258205
Whatcom,2005,82494,184965,0.44599789149298513,2.618657937806874
Whatcom,2006,84806,190088,0.44614073481755817,2.769713188981699
Whatcom,2007,87100,195298,0.44598510993456153,2.740835823408106
Whatcom,2008,88211,197675,0.4462425698747945,1.2171143585699802
Whatcom,2009,88929,199736,0.44523270717346897,1.0426204628809916
Whatcom,2010,90665,201140,0.450755692552451,0.7029278647815116
Whatcom,2011,91237,202277,0.45104979804920975,0.5652779158794868
Whatcom,2012,91683,203683,0.45012593098098513,0.6950864408706873
Whatcom,2013,92364,206021,0.4483232291853743,1.1478621190771934
Whatcom,2014,93155,207937,0.44799626810043425,0.9300022813208362
Whatcom,2015,94056,210116,0.44763844733385366,1.047913550738926
Whatcom,2016,95098,212669,0.44716437280468707,1.215043119039007
Whatcom,2017,96271,216113,0.4454660293457589,1.6194179687683676
Whatcom,2018,97674,220057,0.4438577277705322,1.8249711956245114
Whatcom,2019,98983,223930,0.4420265261465637,1.7599985458313074
Whatcom,2020,100064,226847,0.44110788328697315,1.302639217612647
Whatcom,2021,101463,226300,0.44835616438356163,-0.2411316878777326
Whatcom,2022,102942,231650,0.44438592704511115,2.364118426866991
Whatcom,2023,104653,235800,0.44382103477523327,1.7914957910641054
Whatcom,2024,106100,238000,0.4457983193277311,0.9329940627650551
Whatcom,2025,107321,240500,0.4462411642411642,1.050420168067227
Whitman,1990,14598,38775,0.3764796905222437,
Whitman,1991,14611,38560,0.3789159751037344,-0.5544809800128949
Whitman,1992,14818,38770,0.38220273407273664,0.5446058091286307
Whitman,1993,14994,38909,0.38536071345961087,0.3585246324477689
Whitman,1994,15179,39064,0.38856747900880606,0.39836541674162795
Whitman,1995,15473,39451,0.39220805556259664,0.9906819578128201
Whitman,1996,15654,39590,0.39540287951502906,0.35233580897822614
Whitman,1997,16035,40154,0.39933755043084124,1.4246021722657236
Whitman,1998,16369,40610,0.40307805959123366,1.1356278328435523
Whitman,1999,16600,40842,0.4064443465060477,0.5712878601329722
Whitman,2000,16676,40740,0.40932744231713303,-0.24974291170853533
Whitman,2001,16746,40537,0.413104077756124,-0.4982817869415807
Whitman,2002,17022,41002,0.4151504804643676,1.147100180082394
Whitman,2003,17177,40954,0.41942179030131366,-0.1170674601238964
Whitman,2004,17477,41686,0.4192534663915943,1.7873711969526787
Whitman,2005,17699,42498,0.416466657254459,1.947896176174255
Whitman,2006,18095,42848,0.4223067587752054,0.8235681679137842
Whitman,2007,18566,42793,0.43385600448671513,-0.12836071695294995
Whitman,2008,18908,44066,0.42908364725638815,2.97478559577501
Whitman,2009,19037,44005,0.43260993068969433,-0.13842872055553035
Whitman,2010,19323,44776,0.4315481507950688,1.7520736279968185
Whitman,2011,19385,44488,0.4357354792303543,-0.6432017152045739
Whitman,2012,19481,45424,0.4288702007749208,2.10393814062219
Whitman,2013,19593,45498,0.430634313596202,0.16290947516731244
Whitman,2014,20004,45817,0.43660649977082744,0.7011297199876918
Whitman,2015,20364,46380,0.4390685640362225,1.2288015365475695
Whitman,2016,20460,46623,0.43883919953670936,0.5239327296248383
Whitman,2017,20733,46961,0.4414940056642746,0.724964073525942
Whitman,2018,20863,47217,0.44185356968888323,0.5451331956304167
Whitman,2019,21096,47871,0.4406843391614965,1.3850943516106486
Whitman,2020,20922,47973,0.43612031767869425,0.2130726327003823
Whitman,2021,21629,44600,0.48495515695067265,-7.031038292372793
Whitman,2022,21739,47800,0.4547907949790795,7.174887892376682
Whitman,2023,21837,48100,0.453991683991684,0.6276150627615062
Whitman,2024,22257,48750,0.45655384615384614,1.3513513513513513
Whitman,2025,22431,49450,0.4536097067745197,1.435897435897436
Yakima,1990,70852,188823,0.37522971248205994,
Yakima,1991,71459,191490,0.3731735338659982,1.4124338666370093
Yakima,1992,72355,194939,0.37116739082482214,1.8011384406496422
Yakima,1993,73179,198225,0.3691713961407492,1.6856555127501425
Yakima,1994,74193,202044,0.36721209241551345,1.926598562239879
Yakima,1995,75263,206046,0.3652728031604593,1.9807566668646432
Yakima,1996,76074,209381,0.3633280956724822,1.618570610446211
Yakima,1997,76750,212375,0.3613890523837551,1.4299291721789464
Yakima,1998,77498,215587,0.3594743653374276,1.5124190700412008
Yakima,1999,78486,219483,0.35759489345416273,1.807159058755862
Yakima,2000,79174,222581,0.355708708290465,1.4114988404568918
Yakima,2001,80194,224229,0.3576433021598455,0.7404046167462631
Yakima,2002,80815,224790,0.3595133235464211,0.25019065330532625
Yakima,2003,81564,227956,0.3578058923651933,1.4084256417100405
Yakima,2004,82133,230002,0.3570968948096104,0.8975416308410394
Yakima,2005,82752,231902,0.3568403894748644,0.8260797732193632
Yakima,2006,83598,234408,0.35663458585031227,1.0806288863399194
Yakima,2007,84477,236923,0.35655888199963703,1.0729156001501654
Yakima,2008,85305,239524,0.35614385197307996,1.097825031761374
Yakima,2009,85894,241708,0.355362669005577,0.9118084200330655
Yakima,2010,85474,243231,0.3514107987879834,0.6300991278733017
Yakima,2011,85940,244553,0.3514166663259089,0.5435162458732645
Yakima,2012,86350,245605,0.3515807902933572,0.43017260062235996
Yakima,2013,86891,246825,0.35203484249974676,0.4967325583762546
Yakima,2014,87425,248229,0.3521949490188495,0.568824065633546
Yakima,2015,87986,249314,0.35291239160255744,0.4370963908326585
Yakima,2016,88750,251046,0.3535208686854202,0.6947062740158996
Yakima,2017,89297,252692,0.3533827742864831,0.6556567322323399
Yakima,2018,89810,253814,0.3538417896569929,0.4440188055023507
Yakima,2019,90347,254770,0.3546218157553872,0.3766537700836045
Yakima,2020,90504,256728,0.352528746377489,0.768536326883071
Yakima,2021,91290,258100,0.3537001162340178,0.5344177495247889
Yakima,2022,92204,259950,0.35469898057318716,0.7167764432390547
Yakima,2023,92931,261200,0.3557848392036753,0.4808617041738796
Yakima,2024,93867,263200,0.35663753799392095,0.7656967840735069
Yakima,2025,94588,264650,0.357407897222747,0.5509118541033434
